wise_objid,IAU name,Internal name/s,Obj. RA,Obj. DEC,Obj. Type,Redshift,Spec. ID,Obs-date,JD,Phase (days),From,Telescope,Instrument,Observer/s,Reducer/s,Source group,Public,Associated groups,End prop. period,Ascii file,Fits file,Spec. type,Spec. quality,Extinction-Corrected,WL Medium,WL Units,Flux Unit Coefficient,Spec. units,Flux Calibrated By,Exp-time,Aperture (slit),HA,Airmass,Dichroic,Grism,Grating,Blaze,Lambda-min,Lambda-max,Del-Lambda,Contrib,Publish,Remarks,Created by,Creation date,mjd,peak_mjd,peak_mag,peak_filt,double-peaked
24358.0,AT 2023vth,ZTF23ableqsp,269.1433378,8.0437008,FBOT,0.0747,79137.0,2023-10-22 02:29:43.00,2460239.6039699,1.7148511256818892,,P60,SEDM,SEDmRobot,,TNS,Y,TNS,,AT2023vth_2023-10-22_02-29-43_P60_SEDM_TNS.ascii,,Object,,,Air,Angstrom,1.0,erg cm(-2) sec(-1) Ang(-1),,1800.0,,,,,,,,3776.7,9223.3,25.451401869159,,,[TNS source group:  48 - ZTF ],TNS_Bot1,2023-11-21 22:05:06,60239.10396989994,60237.389118774256,17.544215850848122,ZTF_g,0
13342.0,SN 2018avy,"ZTF18aahhzqn, Gaia18aze",178.754792,32.07535,SN Ib/c,0.031,54254.0,2018-04-21 04:37:36.00,2458229.6927778,4.0367703666343004,,P60,SEDM,SEDM-Robot,auto,TNS,Y,TNS,,SN2018avy_2018-04-21_04-37-36_P60_SEDM_TNS.ascii,,Object,,,Air,Angstrom,1.0,erg cm(-2) sec(-1) Ang(-1),,2200.0,,,,,,,,3810.8,9155.1,25.69375,,,[TNS source group:  48 - ZTF ],TNS_Bot1,2019-10-07 23:05:03,58229.19277779991,58225.156007433274,18.14705022044264,ZTF_r,1
12430.0,SN 2018bcc,"ZTF18aakuewf, Gaia18bbd, ATLAS18nkv",243.594375,35.917889,SN Ibn,0.0636,52076.0,2018-04-25 07:55:12.00,2458233.83,2.200644061267667,,P60,SEDM,Robotic,"D. Neill, E. Karamehmetoglu",,Y,,2020-04-03,2018bcc_2018-04-25_07-55-12.00_P60_SEDM_None.ascii,,Object,Low,MW,Air,Angstrom,1.0,erg cm(-2) sec(-1) Ang(-1),Photometry,,,,,,,,,3800.3714624194,9172.4724797382,25.703832618751,,,Absolute flux calibrated using ZTF photometry and MW extinction corrected using values specified in Karamehmetoglu et al. (2019),Emir Karamehmetoglu,2019-06-04 15:09:05,58233.330000000075,58231.12935593881,17.692158506600403,ZTF_g,0
1798.0,SN 2018cew,Gaia18bki,358.100833,28.775167,SN Ib,,5862.0,2018-06-11 10:02:39.00,2458280.9185069,8.751604363562365,,P60,SEDM,SEDmRobot,Y. Sharma,,Y,,,2018cew_2018-06-11_10-02-39_P60_SEDM_None.txt,,Object,,,Air,Angstrom,1.0,Other,,1800.0,0.0,,,,,,,3809.9,9153.6,25.690865384615,,,"[TNS Source Group: POSS; Classifier/s: Y. Sharma, D. Neill,...] [Prev. spec info - createdby: upload-TNS; modifiedby: upload-TNS]",Migration From WISeREP1.0,2018-06-05 14:11:58,58280.41850689985,58271.666902536286,18.50297328605317,ZTF_g,0
15860.0,SN 2018fzn,ZTF18abojpnr,297.4871203,59.5928266,SN IIb,0.0375,66712.0,2018-08-21 09:31:40.00,2458351.897,-18.654275719578436,,P60,SEDM,SEDmRobot,,ZTF,Y,ZTF,,ZTF18abojpnr_2458351.897_P60_SEDM_ZTF.ascii,,Object,,,Air,Angstrom,1.0,erg cm(-2) sec(-1) Ang(-1),,,,,,,,,,3700.0,9300.0,25.454545454545,Bruch et al. 2021,2021ApJ...912...46B,,WIS_ZTF_Bot,2022-07-07 12:22:55,58351.39699999988,58370.05127571946,19.17193382716151,ZTF_g,0
15860.0,SN 2018fzn,ZTF18abojpnr,297.4871203,59.5928266,SN IIb,0.0375,66713.0,2018-09-09 04:33:36.00,2458370.69,0.13872428048489382,,P60,SEDM,SEDmRobot,,ZTF,Y,ZTF,,ZTF18abojpnr_2458370.69_P60_SEDM_ZTF.ascii,,Object,,,Air,Angstrom,1.0,erg cm(-2) sec(-1) Ang(-1),,,,,,,,,,3776.7,9223.3,25.451401869159,Bruch et al. 2021,2021ApJ...912...46B,,WIS_ZTF_Bot,2022-07-07 12:22:55,58370.189999999944,58370.05127571946,19.17193382716151,ZTF_g,0
14851.0,SN 2018gcj,"ATLAS18uxi, ZTF18absliyc",6.0059044,-1.2233773,SN Ic,0.08,57217.0,2018-09-11 08:56:52.00,2458372.8728241,0.6874099984852364,,P60,SEDM,SEDmRobot,auto,TNS,Y,TNS,,SN2018gcj_2018-09-11_08-56-52_P60_SEDM_TNS.ascii,,Object,,,Air,Angstrom,1.0,erg cm(-2) sec(-1) Ang(-1),,2430.0,,,,,,,,3776.7,9223.3,25.451401869159,,,[TNS source group:  48 - ZTF ],TNS_Bot1,2020-06-11 23:05:04,58372.372824099846,58371.68541410136,18.89220249481463,ZTF_g,0
10221.0,SN 2018gjx,"PS19do, Gaia18csc, kait-18ao, ZTF18abwkrbl, ATLAS18vis, PSP18C",34.064792,28.591306,SN Ibn,0.012,40606.0,2018-09-19 05:52:32.00,2458380.7448148,-0.07665117726719473,,P60,SEDM,SEDmRobot,auto,TNS,Y,TNS,,SN2018gjx_2018-09-19_05-52-32_P60_SEDM_TNS.ascii,,Object,,,Air,Angstrom,1.0,erg cm(-2) sec(-1) Ang(-1),,1440.0,,,,,,,,3776.7,9223.3,25.451401869159,,,[TNS source group:  48 - ZTF ],TNS_Bot1,2018-10-06 04:05:05,58380.2448148001,58380.321465977366,15.997508146660405,ZTF_g,0
10221.0,SN 2018gjx,"PS19do, Gaia18csc, kait-18ao, ZTF18abwkrbl, ATLAS18vis, PSP18C",34.064792,28.591306,SN Ibn,0.012,57543.0,2018-10-12 08:56:52.00,2458403.8728241,23.05135812248045,,P60,SEDM,SEDmRobot,auto,TNS,Y,TNS,,SN2018gjx_2018-10-12_08-56-52_P60_SEDM_TNS.ascii,,Object,,,Air,Angstrom,1.0,erg cm(-2) sec(-1) Ang(-1),,1440.0,,,,,,,,3776.7,9223.3,25.451401869159,,,[TNS source group:  48 - ZTF ],TNS_Bot1,2020-07-22 21:05:04,58403.372824099846,58380.321465977366,15.997508146660405,ZTF_g,0
10501.0,SN 2018iqx,"ATLAS18zna, ZTF18acisruf",336.9732988,19.4606782,SN Ib/c,0.02,41144.0,2018-11-21 03:51:38.00,2458443.6608565,2.4373910908252583,,P60,SEDM,SEDmRobot,auto,TNS,Y,TNS,,SN2018iqx_2018-11-21_03-51-38_P60_SEDM_TNS.ascii,,Object,,,Air,Angstrom,1.0,erg cm(-2) sec(-1) Ang(-1),,1200.0,,,,,,,,3776.7,9223.3,25.451401869159,,,[TNS source group:  48 - ZTF ],TNS_Bot1,2018-12-17 08:05:51,58443.1608564998,58440.72346540898,17.681390507014058,ZTF_g,0
10616.0,SN 2018iug,"PS18cjo, ZTF18acnmifq",101.9792058,67.9167095,SN IIb,0.073,41301.0,2018-11-28 04:31:54.00,2458450.6888194,-5.914075845830666,,P60,SEDM,SEDmRobot,auto,TNS,Y,TNS,,SN2018iug_2018-11-28_04-31-54_P60_SEDM_TNS.ascii,,Object,,,Air,Angstrom,1.0,erg cm(-2) sec(-1) Ang(-1),,2250.0,,,,,,,,3776.7,9223.3,25.451401869159,,,[TNS source group:  48 - ZTF ],TNS_Bot1,2018-12-20 14:41:04,58450.188819400035,58456.102895245866,19.24538932790901,ZTF_r,0
10611.0,SN 2018jaw,"PS19mc, ATLAS18bcfy, ZTF18acqphpd",193.5171055,13.5466262,SN Ic,0.037,41296.0,2018-12-12 12:02:13.00,2458465.0015394,13.86349807233637,,P60,SEDM,SEDmRobot,auto,TNS,Y,TNS,,SN2018jaw_2018-12-12_12-02-13_P60_SEDM_TNS.ascii,,Object,,,Air,Angstrom,1.0,erg cm(-2) sec(-1) Ang(-1),,1200.0,,,,,,,,3776.7,9223.3,25.451401869159,,,[TNS source group:  48 - ZTF ],TNS_Bot1,2018-12-18 20:05:03,58464.50153939985,58450.63804132751,17.868178822182234,ZTF_g,0
10609.0,SN 2018jee,"ATLAS18baeq, PS19cst, ZTF18acrcyqw",110.8109647,56.5251254,SN IIb,0.04,41292.0,2018-12-03 06:52:38.00,2458455.7865509,-4.85493983476772,,P60,SEDM,SEDmRobot,auto,TNS,Y,TNS,,SN2018jee_2018-12-03_06-52-38_P60_SEDM_TNS.ascii,,Object,,,Air,Angstrom,1.0,erg cm(-2) sec(-1) Ang(-1),,1200.0,,,,,,,,3776.7,9223.3,25.451401869159,,,[TNS source group:  48 - ZTF ],TNS_Bot1,2018-12-17 23:05:04,58455.28655089997,58460.141490734735,17.984129050215135,ZTF_r,0
10674.0,SN 2018kva,"ATLAS18bcfn, ZTF18aczqzrj",128.8175235,48.3175997,SN Ic,0.0429,41383.0,2019-01-03 10:36:31.00,2458486.9420255,2.776842400628084,,P60,SEDM,SEDmRobot,auto,TNS,Y,TNS,,SN2018kva_2019-01-03_10-36-31_P60_SEDM_TNS.ascii,,Object,,,Air,Angstrom,1.0,erg cm(-2) sec(-1) Ang(-1),,1200.0,,,,,,,,3776.7,9223.3,25.451401869159,,,[TNS source group:  48 - ZTF ],TNS_Bot1,2019-01-04 14:05:03,58486.442025499884,58483.665183099256,18.1045728621725,ZTF_g,0
11949.0,SN 2019abb,ZTF19aadwtoe,118.5719373,14.2729541,SN Ic,0.0153,60264.0,2019-02-09 00:00:00.00,2458523.5,13.198654388012073,,P60,SEDM,ZTF,,ZTF,Y,ZTF,,2019abb_2019-02-09_00-00-00_P60_SEDM_ZTF.txt,,Object,,,Air,Angstrom,1.0,erg cm(-2) sec(-1) Ang(-1),,,,,,,,,,3776.7,9223.3,25.451401869159,De et al. 2020,2020ApJ...905...58D,,ZTF_CLU_BOT,2021-02-05 01:54:32,58523.0,58509.80134561199,18.02990048072861,ZTF_g,0
11949.0,SN 2019abb,ZTF19aadwtoe,118.5719373,14.2729541,SN Ic,0.0153,51260.0,2019-02-09 00:08:27.00,2458523.5058681,13.204522488107614,,P60,SEDM,SEDmRobot,auto,TNS,Y,TNS,,SN2019abb_2019-02-09_00-08-27_P60_SEDM_TNS.ascii,,Object,,,Air,Angstrom,1.0,erg cm(-2) sec(-1) Ang(-1),,2250.0,,,,,,,,3776.7,9223.3,25.451401869159,,,[TNS source group:  48 - ZTF ],TNS_Bot1,2019-03-05 21:05:05,58523.005868100096,58509.80134561199,18.02990048072861,ZTF_g,0
12093.0,SN 2019buy,"ZTF19aalouag, Gaia19aze",176.067958,55.100561,SN Ib,0.0549,51523.0,2019-03-31 01:33:40.00,2458573.5650463,-12.17651280904829,,P60,SEDM,SEDmRobot,auto,TNS,Y,TNS,,SN2019buy_2019-03-31_01-33-40_P60_SEDM_TNS.ascii,,Object,,,Air,Angstrom,1.0,erg cm(-2) sec(-1) Ang(-1),,2250.0,,,,,,,,3776.7,9223.3,25.451401869159,,,[TNS source group:  48 - ZTF ],TNS_Bot1,2019-04-03 05:05:04,58573.06504630018,58585.24155910923,18.48554068671366,ZTF_g,0
12052.0,SN 2019cad,"PS19alr, ATLAS19ecc, ZTF19aamsetj",137.1789779,44.8127828,SN Ic,0.026762,51450.0,2019-03-25 22:41:15.00,2458568.4453125,-28.073121892150084,,P60,SEDM,SEDmRobot,auto,TNS,Y,TNS,,SN2019cad_2019-03-25_22-41-15_P60_SEDM_TNS.ascii,,Object,,,Air,Angstrom,1.0,erg cm(-2) sec(-1) Ang(-1),,2250.0,,,,,,,,3776.7,9223.3,25.451401869159,,,[TNS source group:  48 - ZTF ],TNS_Bot1,2019-03-26 23:05:06,58567.9453125,58596.01843439215,17.726468136888,ZTF_g,1
12207.0,SN 2019cri,"PS20axc, ATLAS19gpd, ATLAS19gnt, Gaia19cpo, ZTF19aanijpu",208.5113348,14.7297076,SN Ic,0.05,51658.0,2019-04-24 01:53:31.00,2458597.578831,-3.530420905808569,,P60,SEDM,SEDmRobot,auto,TNS,Y,TNS,,SN2019cri_2019-04-24_01-53-31_P60_SEDM_TNS.ascii,,Object,,,Air,Angstrom,1.0,erg cm(-2) sec(-1) Ang(-1),,1200.0,,,,,,,,3776.7,9223.3,25.451401869159,,,[TNS source group:  48 - ZTF ],TNS_Bot1,2019-04-25 21:05:04,58597.07883099979,58600.6092519056,18.046188698820696,ZTF_g,1
12144.0,SN 2019deh,"PS19aaq, ATLAS19gez, ZTF19aapfmki",211.4315033,9.51575,SN Ibn,0.0544,51604.0,2019-04-15 01:37:01.00,2458588.5673727,1.400744858867256,,P60,SEDM,SEDmRobot,auto,TNS,Y,TNS,,SN2019deh_2019-04-15_01-37-01_P60_SEDM_TNS.ascii,,Object,,,Air,Angstrom,1.0,erg cm(-2) sec(-1) Ang(-1),,1200.0,,,,,,,,3776.7,9223.3,25.451401869159,,,[TNS source group:  48 - ZTF ],TNS_Bot1,2019-04-16 01:05:03,58588.0673727002,58586.66662784133,17.425507996476174,ZTF_g,0
12147.0,SN 2019dld,"ATLAS19hso, ZTF19aapceyj",101.6643028,45.647756,SN Ic,0.018,53976.0,2019-04-20 06:15:36.00,2458593.7608333,0.7072584149209433,,P60,SEDM,SEDmRobot,auto,TNS,Y,TNS,,SN2019dld_2019-04-20_06-15-36_P60_SEDM_TNS.ascii,,Object,,,Air,Angstrom,1.0,erg cm(-2) sec(-1) Ang(-1),,2250.0,,,,,,,,3776.7,9223.3,25.451401869159,,,[TNS source group:  48 - ZTF ],TNS_Bot1,2019-09-19 05:05:04,58593.260833300184,58592.55357488526,18.887924437095645,ZTF_g,0
12353.0,SN 2019dwa,"Gaia19bxj, ZTF19aarfyvc",234.7395118,56.6050417,SN Ic,0.09,51954.0,2019-05-14 04:08:26.00,2458617.6725231,1.952588706597453,,P60,SEDM,SEDmRobot,auto,TNS,Y,TNS,,SN2019dwa_2019-05-14_04-08-26_P60_SEDM_TNS.ascii,,Object,,,Air,Angstrom,1.0,erg cm(-2) sec(-1) Ang(-1),,2250.0,,,,,,,,3776.7,9223.3,25.451401869159,,,[TNS source group:  48 - ZTF ],TNS_Bot1,2019-05-16 21:05:05,58617.17252309993,58615.21993439333,18.841064235031897,ZTF_g,0
12323.0,SN 2019dxr,"PS19wz, ATLAS19hxo, ZTF19aarnqys",227.8631,5.20044166667,SN Ib,0.04,51953.0,2019-05-13 03:57:58.00,2458616.6652546,17.81402081851411,,P60,SEDM,SEDmRobot,auto,TNS,Y,TNS,,SN2019dxr_2019-05-13_03-57-58_P60_SEDM_TNS.ascii,,Object,,,Air,Angstrom,1.0,erg cm(-2) sec(-1) Ang(-1),,2925.0,,,,,,,,3776.7,9223.3,25.451401869159,,,[TNS source group:  48 - ZTF ],TNS_Bot1,2019-05-16 21:05:05,58616.16525459988,58598.351233781366,19.084131788265076,ZTF_g,0
12252.0,SN 2019eix,"PS19dod, Gaia19brh, ZTF19aatheus, ATLAS19ify",280.678703913,40.3688326087,SN Ic,0.018,51807.0,2019-05-03 23:51:50.00,2458607.4943287,-10.166829243768007,,P60,SEDM,SEDmRobot,auto,TNS,Y,TNS,,SN2019eix_2019-05-03_23-51-50_P60_SEDM_TNS.ascii,,Object,,,Air,Angstrom,1.0,erg cm(-2) sec(-1) Ang(-1),,1560.0,,,,,,,,3776.7,9223.3,25.451401869159,,,[TNS source group:  48 - ZTF ],TNS_Bot1,2019-05-10 21:05:05,58606.994328700006,58617.161157943774,16.417285422551167,ZTF_r,0
12418.0,SN 2019gaf,"Gaia19cbs, ZTF19aawethv, PS19avq, ATLAS19lsc",309.2302,2.8068,SN IIb,0.006,53957.0,2019-06-17 09:00:52.00,2458651.8756019,13.953784799668938,,P60,SEDM,SEDmRobot,auto,TNS,Y,TNS,,SN2019gaf_2019-06-17_09-00-52_P60_SEDM_TNS.ascii,,Object,,,Air,Angstrom,1.0,erg cm(-2) sec(-1) Ang(-1),,1800.0,,,,,,,,3776.7,9223.3,25.451401869159,,,[TNS source group:  48 - ZTF ],TNS_Bot1,2019-09-18 02:05:03,58651.37560189981,58637.42181710014,17.49934864159138,ZTF_r,0
12525.0,SN 2019gqd,"ZTF19aavoweu, PS19bdx",247.208867513,39.834346194,SN Ic,0.0359,52248.0,2019-06-08 09:36:40.00,2458642.900463,-1.6558357684189104,,P60,SEDM,SEDmRobot,auto,TNS,Y,TNS,,SN2019gqd_2019-06-08_09-36-40_P60_SEDM_TNS.ascii,,Object,,,Air,Angstrom,1.0,erg cm(-2) sec(-1) Ang(-1),,2250.0,,,,,,,,3776.7,9223.3,25.451401869159,,,[TNS source group:  48 - ZTF ],TNS_Bot1,2019-06-11 06:05:04,58642.40046299994,58644.05629876836,19.246592338798862,ZTF_g,0
12504.0,SN 2019hgp,"ATLAS19mlg, ZTF19aayejww",234.053625,39.733489,SN Icn,0.0641,64667.0,2019-06-08 03:18:05.00,2458642.6375579,-8.517466777586378,,P60,SEDM,SEDmRobot,Auto,ZTF,Y,ZTF,,2019hgp_2019-06-08_03-18-05_P60_SEDM_ZTF.txt,,Object,,,Air,Angstrom,1.0,erg cm(-2) sec(-1) Ang(-1),,2250.0,IFU,,,,,,,3776.7,9223.3,25.451401869159,Gal-Yam et al. 2021,2021arXiv211112435G,Spectrum calibrated to photometry.,Dr Ofer Yaron,2021-12-15 15:06:05,58642.137557900045,58650.65502467763,18.73050870923479,ZTF_g,1
12504.0,SN 2019hgp,"ATLAS19mlg, ZTF19aayejww",234.053625,39.733489,SN Icn,0.0641,60564.0,2019-06-08 10:18:04.00,2458642.929213,-8.225811677635647,,P60,SEDM,SEDM robot,pySEDM,TNS,Y,TNS,,SN2019hgp_2019-06-08_10-18-04_P60_SEDM_TNS.ascii,,Object,,,Air,Angstrom,1.0,erg cm(-2) sec(-1) Ang(-1),,2250.0,,,,,,,,3776.7,9223.3,25.451401869159,,,[TNS source group:  48 - ZTF ],TNS_Bot1,2021-02-21 10:05:05,58642.429212999996,58650.65502467763,18.73050870923479,ZTF_g,1
12504.0,SN 2019hgp,"ATLAS19mlg, ZTF19aayejww",234.053625,39.733489,SN Icn,0.0641,64670.0,2019-06-08 22:12:38.00,2458643.4254398,-7.729584877495654,,P60,SEDM,SEDmRobot,Auto,ZTF,Y,ZTF,,2019hgp_2019-06-08_22-12-38_P60_SEDM_ZTF.txt,,Object,,,Air,Angstrom,1.0,erg cm(-2) sec(-1) Ang(-1),,2250.0,IFU,,,,,,,3776.7,9223.3,25.451401869159,Gal-Yam et al. 2021,2021arXiv211112435G,Spectrum calibrated to photometry.,Dr Ofer Yaron,2021-12-15 15:06:05,58642.925439800136,58650.65502467763,18.73050870923479,ZTF_g,1
12504.0,SN 2019hgp,"ATLAS19mlg, ZTF19aayejww",234.053625,39.733489,SN Icn,0.0641,64672.0,2019-06-09 04:00:39.00,2458643.6671181,-7.487906577647664,,P60,SEDM,SEDmRobot,Auto,ZTF,Y,ZTF,,2019hgp_2019-06-09_04-00-39_P60_SEDM_ZTF.txt,,Object,,,Air,Angstrom,1.0,erg cm(-2) sec(-1) Ang(-1),,2250.0,IFU,,,,,,,3776.7,9223.3,25.451401869159,Gal-Yam et al. 2021,2021arXiv211112435G,Spectrum calibrated to photometry.,Dr Ofer Yaron,2021-12-15 15:06:05,58643.167118099984,58650.65502467763,18.73050870923479,ZTF_g,1
12504.0,SN 2019hgp,"ATLAS19mlg, ZTF19aayejww",234.053625,39.733489,SN Icn,0.0641,64677.0,2019-06-11 22:47:15.00,2458646.4494792,-4.705545477685519,,P60,SEDM,SEDmRobot,Auto,ZTF,Y,ZTF,,2019hgp_2019-06-11_22-47-15_P60_SEDM_ZTF.txt,,Object,,,Air,Angstrom,1.0,erg cm(-2) sec(-1) Ang(-1),,2250.0,IFU,,,,,,,3776.7,9223.3,25.451401869159,Gal-Yam et al. 2021,2021arXiv211112435G,Spectrum calibrated to photometry.,Dr Ofer Yaron,2021-12-15 15:06:05,58645.949479199946,58650.65502467763,18.73050870923479,ZTF_g,1
12504.0,SN 2019hgp,"ATLAS19mlg, ZTF19aayejww",234.053625,39.733489,SN Icn,0.0641,64683.0,2019-06-12 23:45:21.00,2458647.4898264,-3.6651982777984813,,P60,SEDM,SEDmRobot,Auto,ZTF,Y,ZTF,,2019hgp_2019-06-12_23-45-21_P60_SEDM_ZTF.txt,,Object,,,Air,Angstrom,1.0,erg cm(-2) sec(-1) Ang(-1),,2250.0,IFU,,,,,,,3776.7,9223.3,25.451401869159,Gal-Yam et al. 2021,2021arXiv211112435G,Spectrum calibrated to photometry.,Dr Ofer Yaron,2021-12-15 15:06:05,58646.98982639983,58650.65502467763,18.73050870923479,ZTF_g,1
12504.0,SN 2019hgp,"ATLAS19mlg, ZTF19aayejww",234.053625,39.733489,SN Icn,0.0641,64684.0,2019-06-14 01:57:52.00,2458648.5818519,-2.573172777541913,,P60,SEDM,SEDmRobot,Auto,ZTF,Y,ZTF,,2019hgp_2019-06-14_01-57-52_P60_SEDM_ZTF.txt,,Object,,,Air,Angstrom,1.0,erg cm(-2) sec(-1) Ang(-1),,2250.0,IFU,,,,,,,3776.7,9223.3,25.451401869159,Gal-Yam et al. 2021,2021arXiv211112435G,Spectrum calibrated to photometry.,Dr Ofer Yaron,2021-12-15 15:06:05,58648.08185190009,58650.65502467763,18.73050870923479,ZTF_g,1
12504.0,SN 2019hgp,"ATLAS19mlg, ZTF19aayejww",234.053625,39.733489,SN Icn,0.0641,64685.0,2019-06-15 00:39:02.00,2458649.5271065,-1.6279181774007156,,P60,SEDM,SEDmRobot,Auto,ZTF,Y,ZTF,,2019hgp_2019-06-15_00-39-02_P60_SEDM_ZTF.txt,,Object,,,Air,Angstrom,1.0,erg cm(-2) sec(-1) Ang(-1),,2250.0,IFU,,,,,,,3776.7,9223.3,25.451401869159,Gal-Yam et al. 2021,2021arXiv211112435G,Spectrum calibrated to photometry.,Dr Ofer Yaron,2021-12-15 15:06:05,58649.02710650023,58650.65502467763,18.73050870923479,ZTF_g,1
12504.0,SN 2019hgp,"ATLAS19mlg, ZTF19aayejww",234.053625,39.733489,SN Icn,0.0641,64688.0,2019-06-16 21:53:05.00,2458651.4118634,0.25683872250374407,,P60,SEDM,SEDmRobot,Auto,ZTF,Y,ZTF,,2019hgp_2019-06-16_21-53-05_P60_SEDM_ZTF.txt,,Object,,,Air,Angstrom,1.0,erg cm(-2) sec(-1) Ang(-1),,2250.0,IFU,,,,,,,3776.7,9223.3,25.451401869159,Gal-Yam et al. 2021,2021arXiv211112435G,Spectrum calibrated to photometry.,Dr Ofer Yaron,2021-12-15 15:06:05,58650.911863400135,58650.65502467763,18.73050870923479,ZTF_g,1
12504.0,SN 2019hgp,"ATLAS19mlg, ZTF19aayejww",234.053625,39.733489,SN Icn,0.0641,64693.0,2019-06-19 02:31:11.00,2458653.6049884,2.4499637222616,,P60,SEDM,SEDmRobot,Auto,ZTF,Y,ZTF,,2019hgp_2019-06-19_02-31-11_P60_SEDM_ZTF.txt,,Object,,,Air,Angstrom,1.0,erg cm(-2) sec(-1) Ang(-1),,2250.0,IFU,,,,,,,3776.7,9223.3,25.451401869159,Gal-Yam et al. 2021,2021arXiv211112435G,Spectrum calibrated to photometry.,Dr Ofer Yaron,2021-12-15 15:06:05,58653.10498839989,58650.65502467763,18.73050870923479,ZTF_g,1
15198.0,SN 2019hty,"ZTF19aaznwze, PS19bhn, ATLAS19nhp",193.887621051,32.2060176349,SN Ib-Ca-rich,0.02283,60244.0,2019-07-01 00:00:00.00,2458665.5,9.247632821330626,,P60,SEDM,ZTF,,ZTF,Y,ZTF,,2019hty_2019-07-01_00-00-00_P60_SEDM_ZTF.txt,,Object,,,Air,Angstrom,1.0,erg cm(-2) sec(-1) Ang(-1),,,,,,,,,,3776.7,9223.3,25.451401869159,De et al. 2020,2020ApJ...905...58D,,ZTF_CLU_BOT,2021-02-05 01:36:21,58665.0,58655.75236717867,19.2319125511382,ZTF_g,1
12730.0,SN 2019icf,"ATLAS19nze, ZTF19abafmwj",264.4013279,43.5176207,SN Ic,0.034,52668.0,2019-07-06 07:47:54.00,2458670.8249306,7.0291131423800834,,P60,SEDM,SEDmRobot,auto,TNS,Y,TNS,,SN2019icf_2019-07-06_07-47-54_P60_SEDM_TNS.ascii,,Object,,,Air,Angstrom,1.0,erg cm(-2) sec(-1) Ang(-1),,2250.0,,,,,,,,3776.7,9223.3,25.451401869159,,,[TNS source group:  48 - ZTF ],TNS_Bot1,2019-07-11 20:05:11,58670.32493059989,58663.29581745751,19.405619431381517,ZTF_g,0
12699.0,SN 2019iga,"ZTF19abcyqqg, PS19dcj, ATLAS19nvk",303.87133954,-9.05298651535,SN Ib,0.04,52633.0,2019-07-11 08:44:41.00,2458675.8643634,8.563494663154415,,P60,SEDM,SEDmRobot,auto,TNS,Y,TNS,,SN2019iga_2019-07-11_08-44-41_P60_SEDM_TNS.ascii,,Object,,,Air,Angstrom,1.0,erg cm(-2) sec(-1) Ang(-1),,2250.0,,,,,,,,3776.7,9223.3,25.451401869159,,,[TNS source group:  48 - ZTF ],TNS_Bot1,2019-07-11 19:05:05,58675.3643633998,58666.800868736645,19.43409313028196,ZTF_g,0
12720.0,SN 2019ilo,"PS19dre, ZTF18aahuujv, ATLAS19obb",200.4763413,32.4220293,SN Ic,0.0343,52655.0,2019-07-05 05:36:07.00,2458669.7334144,-4.496961226221174,,P60,SEDM,SEDmRobot,auto,TNS,Y,TNS,,SN2019ilo_2019-07-05_05-36-07_P60_SEDM_TNS.ascii,,Object,,,Air,Angstrom,1.0,erg cm(-2) sec(-1) Ang(-1),,2250.0,,,,,,,,3776.7,9223.3,25.451401869159,,,[TNS source group:  48 - ZTF ],TNS_Bot1,2019-07-11 20:05:11,58669.2334143999,58673.730375626124,18.69191419431924,ZTF_g,0
12844.0,SN 2019lfj,ZTF19abfiqjg,29.4532049,13.1761697,SN Ic,0.0888,53033.0,2019-07-28 11:21:53.00,2458692.9735301,7.293999657616951,,P60,SEDM,SEDmRobot,auto,TNS,Y,TNS,,SN2019lfj_2019-07-28_11-21-53_P60_SEDM_TNS.ascii,,Object,,,Air,Angstrom,1.0,erg cm(-2) sec(-1) Ang(-1),,2250.0,,,,,,,,3776.7,9223.3,25.451401869159,,,[TNS source group:  48 - ZTF ],TNS_Bot1,2019-07-29 23:05:03,58692.47353010019,58685.179530442576,19.003098264850887,ZTF_g,0
13128.0,SN 2019ofk,"PS19esw, ATLAS19szy, ZTF19abqmsnk",244.625287517,18.475066159,SN IIb,0.03561,53772.0,2019-08-31 05:21:01.00,2458726.7229282,-2.7679522415346582,,P60,SEDM,SEDmRobot,auto,TNS,Y,TNS,,SN2019ofk_2019-08-31_05-21-01_P60_SEDM_TNS.ascii,,Object,,,Air,Angstrom,1.0,erg cm(-2) sec(-1) Ang(-1),,2250.0,,,,,,,,3776.7,9223.3,25.451401869159,,,[TNS source group:  48 - ZTF ],TNS_Bot1,2019-09-07 02:05:05,58726.22292819992,58728.99088044145,18.68859802790882,ZTF_g,0
13103.0,SN 2019pfb,ZTF19abvdgqo,294.9470933,59.3679986,SN Ib,0.03683,53750.0,2019-09-02 04:28:40.00,2458728.6865741,-6.914459809398977,,P60,SEDM,SEDmRobot,D. Neill,TNS,Y,TNS,,SN2019pfb_2019-09-02_04-28-40_P60_SEDM_TNS.ascii,,Object,,,Air,Angstrom,1.0,erg cm(-2) sec(-1) Ang(-1),,2250.0,,,,,,,,3776.7,9223.3,25.451401869159,,,[TNS source group:  48 - ZTF ],TNS_Bot1,2019-09-06 22:05:04,58728.18657410005,58735.10103390945,18.18823758767544,ZTF_g,0
13385.0,SN 2019pof,"PS19fbm, ATLAS19uvh, ZTF19abxtcio",18.1578040613,33.0349355864,SN IIb,0.0155,54302.0,2019-09-18 09:59:20.00,2458744.9162037,-1.7722450496585225,,P60,SEDM,SEDmRobot,auto,TNS,Y,TNS,,SN2019pof_2019-09-18_09-59-20_P60_SEDM_TNS.ascii,,Object,,,Air,Angstrom,1.0,erg cm(-2) sec(-1) Ang(-1),,2250.0,,,,,,,,3776.7,9223.3,25.451401869159,,,[TNS source group:  48 - ZTF ],TNS_Bot1,2019-10-16 21:05:03,58744.416203700006,58746.188448749665,18.63178642443039,ZTF_g,0
13404.0,SN 2019sna,"Gaia19evh, PS19gax, ATLAS19yhc, ZTF19aceshib",349.7354625,-10.1763972222,SN IIb,0.031,54385.0,2019-10-23 07:00:18.00,2458779.791875,-6.859250182991673,,P60,SEDM,SEDmRobot,auto,TNS,Y,TNS,,SN2019sna_2019-10-23_07-00-18_P60_SEDM_TNS.ascii,,Object,,,Air,Angstrom,1.0,erg cm(-2) sec(-1) Ang(-1),,2250.0,,,,,,,,3776.7,9223.3,25.451401869159,,,[TNS source group:  48 - ZTF ],TNS_Bot1,2019-10-23 17:05:04,58779.29187500011,58786.1511251831,18.16927913660705,ZTF_g,0
13508.0,SN 2019tls,"Gaia19fep, ZTF19ackjjwf, ATLAS19zie, PS19ggo",120.708005322,15.8015086645,SN Ib,0.016198,54660.0,2019-11-09 09:31:32.00,2458796.8968981,-5.352919813580229,,P60,SEDM,SEDmRobot,auto,TNS,Y,TNS,,SN2019tls_2019-11-09_09-31-32_P60_SEDM_TNS.ascii,,Object,,,Air,Angstrom,1.0,erg cm(-2) sec(-1) Ang(-1),,1800.0,,,,,,,,3776.7,9223.3,25.451401869159,,,[TNS source group:  48 - ZTF ],TNS_Bot1,2019-11-13 22:05:04,58796.39689810015,58801.74981791373,17.395332152735158,ZTF_r,0
13522.0,SN 2019tsf,"PS20j, ZTF19ackjszs, ATLAS19zsy, Gaia19evk",167.136666667,-10.4817888889,SN Ib,0.03,66685.0,2020-01-26 06:40:36.00,2458874.7781965,-2.102243300061673,,P60,SEDM,Robotic,,ZTF,Y,ZTF,,2019tsf_2458874.7781965_P60_SEDM_ZTF.txt,,Object,Low,MW,Air,Angstrom,1.0,erg cm(-2) sec(-1) Ang(-1),Photometry,1800.0,,,,,,,,3776.7,9223.3,25.451401869159,,2020A&amp;amp;amp;A...643A..79S,,Dr Erik Kool,2022-07-07 09:58:48,58874.27819650015,58876.38043980021,18.280165744986167,ZTF_g,1
13522.0,SN 2019tsf,"PS20j, ZTF19ackjszs, ATLAS19zsy, Gaia19evk",167.136666667,-10.4817888889,SN Ib,0.03,66686.0,2020-02-02 06:14:31.00,2458881.7600931,4.879653299693018,,P60,SEDM,Robotic,,ZTF,Y,ZTF,,2019tsf_2458881.7600931_P60_SEDM_ZTF.txt,,Object,Low,MW,Air,Angstrom,1.0,erg cm(-2) sec(-1) Ang(-1),Photometry,1800.0,,,,,,,,3776.7,9223.3,25.451401869159,,2020A&amp;amp;amp;A...643A..79S,,Dr Erik Kool,2022-07-07 09:58:48,58881.2600930999,58876.38043980021,18.280165744986167,ZTF_g,1
13522.0,SN 2019tsf,"PS20j, ZTF19ackjszs, ATLAS19zsy, Gaia19evk",167.136666667,-10.4817888889,SN Ib,0.03,66687.0,2020-02-07 06:37:30.00,2458886.776053,9.89561319956556,,P60,SEDM,Robotic,,ZTF,Y,ZTF,,2019tsf_2458886.776053_P60_SEDM_ZTF.txt,,Object,Low,MW,Air,Angstrom,1.0,erg cm(-2) sec(-1) Ang(-1),Photometry,1800.0,,,,,,,,3776.7,9223.3,25.451401869159,,2020A&amp;amp;amp;A...643A..79S,,Dr Erik Kool,2022-07-07 09:58:48,58886.276052999776,58876.38043980021,18.280165744986167,ZTF_g,1
13602.0,SN 2019uff,"Gaia19eyj, ATLAS19babr, ZTF19acmelor",4.805333,-14.397839,SN Ib,0.026612,54670.0,2019-11-14 06:58:23.00,2458801.790544,-0.6014090980097535,,P60,SEDM,SEDmRobot,auto,TNS,Y,TNS,,SN2019uff_2019-11-14_06-58-23_P60_SEDM_TNS.ascii,,Object,,,Air,Angstrom,1.0,erg cm(-2) sec(-1) Ang(-1),,2250.0,,,,,,,,3776.7,9223.3,25.451401869159,,,[TNS source group:  48 - ZTF ],TNS_Bot1,2019-11-14 20:05:03,58801.29054399999,58801.891953098,18.340644109030254,ZTF_g,0
13758.0,SN 2019vsi,"PS20ahg, Gaia20aks, ZTF19acxpuql, ATLAS19bbmv",206.4790505,23.062001,SN Ib,0.028,54976.0,2019-12-19 13:21:39.00,2458837.0567014,1.6654102940592566,,P60,SEDM,SEDmRobot,auto,TNS,Y,TNS,,SN2019vsi_2019-12-19_13-21-39_P60_SEDM_TNS.ascii,,Object,,,Air,Angstrom,1.0,erg cm(-2) sec(-1) Ang(-1),,1800.0,,,,,,,,3776.7,9223.3,25.451401869159,,,[TNS source group:  48 - ZTF ],TNS_Bot1,2019-12-20 22:05:04,58836.55670139985,58834.89129110579,17.656947629478235,ZTF_g,1
14220.0,SN 2019yxp,"ZTF20aaerxne, PS20aba, ATLAS19bfod, Gaia19ftw",214.133875,57.808,SN Ib,0.01042,55759.0,2020-01-16 11:12:21.00,2458864.9669097,3.5454841971150017,,P60,SEDM,SEDmRobot,auto,TNS,Y,TNS,,SN2019yxp_2020-01-16_11-12-21_P60_SEDM_TNS.ascii,,Object,,,Air,Angstrom,1.0,erg cm(-2) sec(-1) Ang(-1),,1800.0,,,,,,,,3776.7,9223.3,25.451401869159,,,[TNS source group:  48 - ZTF ],TNS_Bot1,2020-02-20 23:05:04,58864.46690970007,58860.92142550296,17.15156097651663,ZTF_g,0
17096.0,SN 2020abdw,"ATLAS20bgrl, ZTF20actpqgc, PS20mom, Gaia20fvx",30.3212626,24.0708174,SN Ic,0.0327790007,60522.0,2020-12-16 03:25:05.00,2459199.642419,4.110895098448964,,P60,SEDM,SEDmRobot,auto,TNS,Y,TNS,,SN2020abdw_2020-12-16_03-25-05_P60_SEDM_TNS.ascii,,Object,,,Air,Angstrom,1.0,erg cm(-2) sec(-1) Ang(-1),,2700.0,,,,,,,,3776.7,9223.3,25.451401869159,,,[TNS source group:  48 - ZTF ],TNS_Bot1,2021-02-18 02:05:07,59199.142419000156,59195.03152390171,19.013357597923967,ZTF_g,0
17230.0,SN 2020adnx,"Gaia20fxw, ZTF20adadlqm, ATLAS20bjhy, MASTER OT J030555.49+413631.1",46.481375,41.608711,SN IIb,,59795.0,2021-01-05 02:21:54.00,2459219.5985417,-9.306474999379134,,P60,SEDM,SEDmRobot,auto,TNS,Y,TNS,,SN2020adnx_2021-01-05_02-21-54_P60_SEDM_TNS.ascii,,Object,,,Air,Angstrom,1.0,erg cm(-2) sec(-1) Ang(-1),,2160.0,,,,,,,,3776.7,9223.3,25.451401869159,,,[TNS source group:  48 - ZTF ],TNS_Bot1,2021-01-07 00:05:14,59219.098541699816,59228.405016699195,17.710077852413896,ZTF_g,1
14075.0,SN 2020aut,"PS20cqz, Gaia20aub, ATLAS20ecp, ZTF20aaiftgi",212.5556545,-6.8224189,SN Ic,0.033,55583.0,2020-01-26 10:15:04.00,2458874.9271296,-9.612273438477132,,P60,SEDM,SEDmRobot,auto,TNS,Y,TNS,,SN2020aut_2020-01-26_10-15-04_P60_SEDM_TNS.ascii,,Object,,,Air,Angstrom,1.0,erg cm(-2) sec(-1) Ang(-1),,2250.0,,,,,,,,3776.7,9223.3,25.451401869159,,,[TNS source group:  48 - ZTF ],TNS_Bot1,2020-02-11 01:05:04,58874.4271296002,58884.039403038674,18.22853557357421,ZTF_g,0
14065.0,SN 2020axo,ZTF20aahggbm,172.00015713333,16.607431933333,SN Ic,0.1,55505.0,2020-02-01 05:58:16.00,2458880.7487963,-2.3627835402148776,,P60,SEDM,SEDmRobot,auto,TNS,Y,TNS,,SN2020axo_2020-02-01_05-58-16_P60_SEDM_TNS.ascii,,Object,,,Air,Angstrom,1.0,erg cm(-2) sec(-1) Ang(-1),,2250.0,,,,,,,,3776.7,9223.3,25.451401869159,,,[TNS source group:  48 - ZTF ],TNS_Bot1,2020-02-03 22:05:02,58880.24879630003,58882.611579840246,18.6499999012214,ZTF_g,0
14065.0,SN 2020axo,ZTF20aahggbm,172.00015713333,16.607431933333,SN Ic,0.1,55847.0,2020-02-01 05:58:16.00,2458880.7487963,-2.3627835402148776,,P60,SEDM,SEDmRobot,auto,TNS,Y,TNS,,SN2020axo_2020-02-01_05-58-16_P60_SEDM_TNS_0.ascii,,Object,,,Air,Angstrom,1.0,erg cm(-2) sec(-1) Ang(-1),,2250.0,,,,,,,,3776.7,9223.3,25.451401869159,,,[TNS source group:  48 - ZTF ],TNS_Bot1,2020-02-25 00:05:02,58880.24879630003,58882.611579840246,18.6499999012214,ZTF_g,0
14065.0,SN 2020axo,ZTF20aahggbm,172.00015713333,16.607431933333,SN Ic,0.1,57397.0,2020-02-01 05:58:16.00,2458880.7487963,-2.3627835402148776,,P60,SEDM,SEDmRobot,auto,TNS,Y,TNS,,SN2020axo_2020-02-01_05-58-16_P60_SEDM_TNS_1.ascii,,Object,,,Air,Angstrom,1.0,erg cm(-2) sec(-1) Ang(-1),,2250.0,,,,,,,,3776.7,9223.3,25.451401869159,,,[TNS source group:  48 - ZTF ],TNS_Bot1,2020-07-06 21:05:04,58880.24879630003,58882.611579840246,18.6499999012214,ZTF_g,0
14199.0,SN 2020bmj,"Gaia20ata, ZTF20aakodyh, ATLAS20etx",198.133042,4.866531,SN Ib,0.04787,55725.0,2020-02-18 12:35:46.00,2458898.024838,8.735795042739483,,P60,SEDM,SEDmRobot,auto,TNS,Y,TNS,,SN2020bmj_2020-02-18_12-35-46_P60_SEDM_TNS.ascii,,Object,,,Air,Angstrom,1.0,erg cm(-2) sec(-1) Ang(-1),,2250.0,,,,,,,,3776.7,9223.3,25.451401869159,,,[TNS source group:  48 - ZTF ],TNS_Bot1,2020-02-19 21:05:02,58897.52483800007,58888.78904295733,18.726886220374144,ZTF_r,0
14162.0,SN 2020bpf,"Gaia20azo, ATLAS20fpq, ZTF20aalcyih",103.8479342,27.7219843,SN Ib,0.02723,55671.0,2020-02-16 03:22:27.00,2458895.6405903,-0.8323482703854097,,P60,SEDM,SEDmRobot,auto,TNS,Y,TNS,,SN2020bpf_2020-02-16_03-22-27_P60_SEDM_TNS.ascii,,Object,,,Air,Angstrom,1.0,erg cm(-2) sec(-1) Ang(-1),,2250.0,,,,,,,,3776.7,9223.3,25.451401869159,,,[TNS source group:  48 - ZTF ],TNS_Bot1,2020-02-17 21:05:03,58895.14059029985,58895.97293857024,18.165076538531547,ZTF_g,0
14231.0,SN 2020bqj,"ATLAS20fei, ZTF20aalrqbu",233.41867324,34.47894556,SN Ibn,0.068,60809.0,2020-02-06 12:43:07.00,2458886.029951,-10.076941068553424,,P60,SEDM,Robotic,PySEDM,ZTF,Y,ZTF,,2020bqj_2458886.029951_P60_SEDM_ZTF.txt,,Object,Low,MW,Air,Angstrom,1.0,erg cm(-2) sec(-1) Ang(-1),Photometry,1800.0,,,,,,,,3776.7,9223.3,25.451401869159,,2020arXiv200804056K,,Dr Erik Kool,2021-03-19 12:42:44,58885.52995100012,58895.606892068674,17.963870337060442,ZTF_g,1
14231.0,SN 2020bqj,"ATLAS20fei, ZTF20aalrqbu",233.41867324,34.47894556,SN Ibn,0.068,60810.0,2020-02-11 09:13:40.00,2458890.8844983,-5.222393768643087,,P60,SEDM,Robotic,PySEDM,ZTF,Y,ZTF,,2020bqj_2458890.8844983_P60_SEDM_ZTF.txt,,Object,Low,MW,Air,Angstrom,1.0,erg cm(-2) sec(-1) Ang(-1),Photometry,1800.0,,,,,,,,3776.7,9223.3,25.451401869159,,2020arXiv200804056K,,Dr Erik Kool,2021-03-19 12:42:44,58890.38449830003,58895.606892068674,17.963870337060442,ZTF_g,1
14231.0,SN 2020bqj,"ATLAS20fei, ZTF20aalrqbu",233.41867324,34.47894556,SN Ibn,0.068,60811.0,2020-02-21 08:28:54.00,2458900.8534141,4.7465220314552425,,P60,SEDM,Robotic,PySEDM,ZTF,Y,ZTF,,2020bqj_2458900.8534141_P60_SEDM_ZTF.txt,,Object,Low,MW,Air,Angstrom,1.0,erg cm(-2) sec(-1) Ang(-1),Photometry,1800.0,,,,,,,,3776.7,9223.3,25.451401869159,,2020arXiv200804056K,,Dr Erik Kool,2021-03-19 12:42:44,58900.35341410013,58895.606892068674,17.963870337060442,ZTF_g,1
14231.0,SN 2020bqj,"ATLAS20fei, ZTF20aalrqbu",233.41867324,34.47894556,SN Ibn,0.068,60812.0,2020-03-06 08:16:09.00,2458914.8445624,18.737670331458503,,P60,SEDM,Robotic,PySEDM,ZTF,Y,ZTF,,2020bqj_2458914.8445624_P60_SEDM_ZTF.txt,,Object,Low,MW,Air,Angstrom,1.0,erg cm(-2) sec(-1) Ang(-1),Photometry,1800.0,,,,,,,,3776.7,9223.3,25.451401869159,,2020arXiv200804056K,,Dr Erik Kool,2021-03-19 12:42:44,58914.34456240013,58895.606892068674,17.963870337060442,ZTF_g,1
14231.0,SN 2020bqj,"ATLAS20fei, ZTF20aalrqbu",233.41867324,34.47894556,SN Ibn,0.068,60813.0,2020-03-28 11:55:10.00,2458936.9966483,40.88975623129954,,P60,SEDM,Robotic,PySEDM,ZTF,Y,ZTF,,2020bqj_2458936.9966483_P60_SEDM_ZTF.txt,,Object,Low,MW,Air,Angstrom,1.0,erg cm(-2) sec(-1) Ang(-1),Photometry,1800.0,,,,,,,,3776.7,9223.3,25.451401869159,,2020arXiv200804056K,,Dr Erik Kool,2021-03-19 12:42:44,58936.49664829997,58895.606892068674,17.963870337060442,ZTF_g,1
14231.0,SN 2020bqj,"ATLAS20fei, ZTF20aalrqbu",233.41867324,34.47894556,SN Ibn,0.068,60814.0,2020-04-04 11:12:33.00,2458943.9670596,47.86016753149306,,P60,SEDM,Robotic,PySEDM,ZTF,Y,ZTF,,2020bqj_2458943.9670596_P60_SEDM_ZTF.txt,,Object,Low,MW,Air,Angstrom,1.0,erg cm(-2) sec(-1) Ang(-1),Photometry,1800.0,,,,,,,,3776.7,9223.3,25.451401869159,,2020arXiv200804056K,,Dr Erik Kool,2021-03-19 12:42:44,58943.46705960017,58895.606892068674,17.963870337060442,ZTF_g,1
14132.0,SN 2020cgu,"PS20aiu, Gaia20bbz, GOTO20lc, ATLAS20fps, ZTF20aammtwx",111.951020833,20.4015166667,SN Ic,0.027189,55644.0,2020-02-12 03:32:32.00,2458891.6475926,-5.280899722631148,,P60,SEDM,SEDmRobot,auto,TNS,Y,TNS,,SN2020cgu_2020-02-12_03-32-32_P60_SEDM_TNS.ascii,,Object,,,Air,Angstrom,1.0,erg cm(-2) sec(-1) Ang(-1),,2250.0,,,,,,,,3776.7,9223.3,25.451401869159,,,[TNS source group:  48 - ZTF ],TNS_Bot1,2020-02-15 00:05:07,58891.14759259997,58896.4284923226,18.1442335611023,ZTF_g,0
14546.0,SN 2020hdh,"ZTF20aauwhfa, PS20bxv",218.160313466,31.6710115041,SN Ic,0.012,56685.0,2020-04-16 00:00:00.00,2458955.5,-3.4728072161015007,,P60,SEDM,ZTF,,TNS,Y,TNS,,SN2020hdh_2020-04-16_00-00-00_P60_SEDM_TNS.ascii,,Object,,,Air,Angstrom,1.0,erg cm(-2) sec(-1) Ang(-1),,,,,,,,,,3776.7,9223.3,25.451401869159,,,[TNS source group:  48 - ZTF ],TNS_Bot1,2020-04-17 22:05:03,58955.0,58958.4728072161,18.040911244726285,ZTF_g,0
14600.0,SN 2020heq,"ATLAS20kmq, PS20ccf, ZTF20aaurfnl",238.879966036,12.8958569295,SN Ic,0.0336,56749.0,2020-04-28 08:54:21.00,2458967.8710764,6.699494257198239,,P60,SEDM,SEDmRobot,D. Neill,TNS,Y,TNS,,SN2020heq_2020-04-28_08-54-21_P60_SEDM_TNS.ascii,,Object,,,Air,Angstrom,1.0,erg cm(-2) sec(-1) Ang(-1),,2250.0,,,,,,,,3776.7,9223.3,25.451401869159,,,[TNS source group:  48 - ZTF ],TNS_Bot1,2020-04-29 17:05:04,58967.371076399926,58960.67158214273,18.655605058530345,ZTF_r,0
14572.0,SN 2020hvp,"ZTF20aavzffg, PS20cna, ATLAS20ktt",245.439145132,-2.28924613323,SN Ib,0.005247,56714.0,2020-04-25 08:28:34.00,2458964.8531713,-9.880904933816055,,P60,SEDM,SEDmRobot,auto,TNS,Y,TNS,,SN2020hvp_2020-04-25_08-28-34_P60_SEDM_TNS.ascii,,Object,,,Air,Angstrom,1.0,erg cm(-2) sec(-1) Ang(-1),,1800.0,,,,,,,,3776.7,9223.3,25.451401869159,,,[TNS source group:  48 - ZTF ],TNS_Bot1,2020-04-25 17:05:02,58964.35317130014,58974.23407623396,15.631663351732568,ZTF_g,0
14859.0,SN 2020kxg,"PS20dve, ATLAS20nmj, ZTF20abbhrrt",200.002106212,-16.661127205,SN Ib,0.015,57225.0,2020-06-12 06:30:37.00,2459012.7712616,8.601802291675995,,P60,SEDM,SEDmRobot,auto,TNS,Y,TNS,,SN2020kxg_2020-06-12_06-30-37_P60_SEDM_TNS.ascii,,Object,,,Air,Angstrom,1.0,erg cm(-2) sec(-1) Ang(-1),,1800.0,,,,,,,,3776.7,9223.3,25.451401869159,,,[TNS source group:  48 - ZTF ],TNS_Bot1,2020-06-12 20:05:07,59012.271261599846,59003.66945930817,18.274270349814437,ZTF_g,0
14922.0,SN 2020mbt,"ATLAS20owj, ZTF20abeezca",169.78088435,47.29394865,SN Ic,0.046,57298.0,2020-06-22 05:30:49.00,2459022.7297338,-5.9785562404067605,,P60,SEDM,SEDmRobot,auto,TNS,Y,TNS,,SN2020mbt_2020-06-22_05-30-49_P60_SEDM_TNS.ascii,,Object,,,Air,Angstrom,1.0,erg cm(-2) sec(-1) Ang(-1),,1800.0,,,,,,,,3776.7,9223.3,25.451401869159,,,[TNS source group:  48 - ZTF ],TNS_Bot1,2020-06-23 01:05:05,59022.22973380005,59028.20829004046,18.699352928571727,ZTF_g,0
13954.0,SN 2020oc,"PS20nk, ATLAS20aux, ZTF20aaekkuv",147.012191667,3.53827777778,SN Ic,0.02,55590.0,2020-02-01 10:37:10.00,2458880.9424769,13.677484185369394,,P60,SEDM,SEDmRobot,auto,TNS,Y,TNS,,SN2020oc_2020-02-01_10-37-10_P60_SEDM_TNS.ascii,,Object,,,Air,Angstrom,1.0,erg cm(-2) sec(-1) Ang(-1),,2250.0,,,,,,,,3776.7,9223.3,25.451401869159,,,[TNS source group:  48 - ZTF ],TNS_Bot1,2020-02-11 02:05:04,58880.44247689983,58866.76499271446,18.960064038444397,ZTF_g,0
15194.0,SN 2020oce,"ZTF20abkiarz, ZTF18acjwspf",348.0864801,31.125995166667,SN Ic,0.02354,57637.0,2020-07-20 08:09:21.00,2459050.8398264,9.692647558142198,,P60,SEDM,SEDmRobot,D. Neill,TNS,Y,TNS,,SN2020oce_2020-07-20_08-09-21_P60_SEDM_TNS.ascii,,Object,,,Air,Angstrom,1.0,erg cm(-2) sec(-1) Ang(-1),,2250.0,,,,,,,,3776.7,9223.3,25.451401869159,,,[TNS source group:  48 - ZTF ],TNS_Bot1,2020-07-28 18:05:04,59050.339826399926,59040.647178841784,18.045775329656895,ZTF_g,0
15356.0,SN 2020rlg,"ATLAS20xty, ZTF20abtkjfw",61.1617818,33.8085216,SN Ic,0.017445,57956.0,2020-08-30 08:51:41.00,2459091.8692245,7.284907166147605,,P60,SEDM,SEDmRobot,D. Neill,TNS,Y,TNS,,SN2020rlg_2020-08-30_08-51-41_P60_SEDM_TNS.ascii,,Object,,,Air,Angstrom,1.0,erg cm(-2) sec(-1) Ang(-1),,2250.0,,,,,,,,3776.7,9223.3,25.451401869159,,,[TNS source group:  48 - ZTF ],TNS_Bot1,2020-08-31 19:05:04,59091.36922449991,59084.08431733376,18.79592719090574,ZTF_g,0
15407.0,SN 2020sgf,"Gaia20eey, ATLAS20yxf, ZTF20abxpoxd",50.719833,42.556131,SN Ic,0.02208,58016.0,2020-09-15 07:09:37.00,2459107.7983449,-13.80034632117895,,P60,SEDM,SEDmRobot,auto,TNS,Y,TNS,,SN2020sgf_2020-09-15_07-09-37_P60_SEDM_TNS.ascii,,Object,,,Air,Angstrom,1.0,erg cm(-2) sec(-1) Ang(-1),,2250.0,,,,,,,,3776.7,9223.3,25.451401869159,,,[TNS source group:  48 - ZTF ],TNS_Bot1,2020-09-15 19:05:04,59107.2983448999,59121.09869122108,18.767943833371348,ZTF_g,1
16878.0,SN 2020urc,PS20kar,34.5461126,37.097234,SN IIb,0.026728,59199.0,2020-11-10 04:59:42.00,2459163.708125,18.733059153069917,,P60,SEDM,SEDmRobot,auto,TNS,Y,TNS,,SN2020urc_2020-11-10_04-59-42_P60_SEDM_TNS.ascii,,Object,,,Air,Angstrom,1.0,erg cm(-2) sec(-1) Ang(-1),,2700.0,,,,,,,,3776.7,9223.3,25.451401869159,,,[TNS source group:  48 - ZTF ],TNS_Bot1,2020-11-17 19:05:06,59163.20812499989,59144.47506584682,18.531827895165335,ZTF_g,1
15590.0,SN 2020uvh,"ATLAS20bcup, ZTF20acfqngt",70.1861626,67.7320835,SN Ic,0.016111,58747.0,2020-10-13 10:42:25.00,2459135.9461227,-0.06413307257025735,,P60,SEDM,SEDmRobot,auto,TNS,Y,TNS,,SN2020uvh_2020-10-13_10-42-25_P60_SEDM_TNS.ascii,,Object,,,Air,Angstrom,1.0,erg cm(-2) sec(-1) Ang(-1),,2250.0,,,,,,,,3776.7,9223.3,25.451401869159,,,[TNS source group:  48 - ZTF ],TNS_Bot1,2020-10-14 23:05:07,59135.44612269988,59135.51025577245,19.192824284529777,ZTF_g,0
16873.0,SN 2020xpn,ZTF20aclnplo,156.41261015556,16.787374777778,SN Ic,0.0347,59197.0,2020-11-13 11:44:46.00,2459166.9894213,12.003763392865949,,P60,SEDM,SEDmRobot,auto,TNS,Y,TNS,,SN2020xpn_2020-11-13_11-44-46_P60_SEDM_TNS.ascii,,Object,,,Air,Angstrom,1.0,erg cm(-2) sec(-1) Ang(-1),,2160.0,,,,,,,,3776.7,9223.3,25.451401869159,,,[TNS source group:  48 - ZTF ],TNS_Bot1,2020-11-17 18:05:06,59166.489421300124,59154.48565790726,17.728088773747587,ZTF_g,1
17428.0,SN 2021bm,"ATLAS21awx, ZTF21aaaosoq",219.447000575,59.90703375,SN Ic,0.031517,59977.0,2021-01-18 09:29:50.00,2459232.8957176,9.552372039746842,,P60,SEDM,SEDmRobot,auto,TNS,Y,TNS,,SN2021bm_2021-01-18_09-29-50_P60_SEDM_TNS.ascii,,Object,,,Air,Angstrom,1.0,erg cm(-2) sec(-1) Ang(-1),,2700.0,,,,,,,,3776.7,9223.3,25.451401869159,,,[TNS source group:  48 - ZTF ],TNS_Bot1,2021-01-19 18:05:06,59232.395717599895,59222.84334556015,17.821613125912844,ZTF_g,0
17428.0,SN 2021bm,"ATLAS21awx, ZTF21aaaosoq",219.447000575,59.90703375,SN Ic,0.031517,60007.0,2021-01-18 09:29:50.00,2459232.8957176,9.552372039746842,,P60,SEDM,SEDmRobot,auto,TNS,Y,TNS,,SN2021bm_2021-01-18_09-29-50_P60_SEDM_TNS_0.ascii,,Object,,,Air,Angstrom,1.0,erg cm(-2) sec(-1) Ang(-1),,2700.0,,,,,,,,3776.7,9223.3,25.451401869159,,,[TNS source group:  48 - ZTF ],TNS_Bot1,2021-01-21 04:05:13,59232.395717599895,59222.84334556015,17.821613125912844,ZTF_g,0
17623.0,SN 2021bwq,"ATLAS21dqu, ZTF21aahdqrg, PS21abx",172.071154,-12.888258,SN Ic,0.022,60484.0,2021-02-07 09:35:45.00,2459252.8998264,-5.458072284593072,,P60,SEDM,SEDmRobot,auto,TNS,Y,TNS,,SN2021bwq_2021-02-07_09-35-45_P60_SEDM_TNS.ascii,,Object,,,Air,Angstrom,1.0,erg cm(-2) sec(-1) Ang(-1),,2700.0,,,,,,,,3776.7,9223.3,25.451401869159,,,[TNS source group:  48 - ZTF ],TNS_Bot1,2021-02-16 04:05:05,59252.39982639998,59257.857898684575,17.993574017416687,ZTF_g,0
18148.0,SN 2021hrj,"PS21dab, ATLAS21kho, ZTF21aarnjyd",156.923706123,72.8269334637,SN Ib,0.022,61238.0,2021-04-20 08:22:16.00,2459324.8487963,-13.680381817917805,,P60,SEDM,SEDmRobot,auto,TNS,Y,TNS,,SN2021hrj_2021-04-20_08-22-16_P60_SEDM_TNS.ascii,,Object,,,Air,Angstrom,1.0,erg cm(-2) sec(-1) Ang(-1),,2700.0,,,,,,,,3776.7,9223.3,25.451401869159,,,[TNS source group:  48 - ZTF ],TNS_Bot1,2021-04-21 00:05:08,59324.348796300124,59338.02917811804,18.3610817319285,ZTF_g,1
18229.0,SN 2021krf,"ATLAS21npa, ZTF21aaxtctv, PS21dol",192.822663,0.520697,SN Ic-pec,0.014,61356.0,2021-05-07 05:20:37.00,2459341.7226505,-1.2295333265719819,,P60,SEDM,SEDmRobot,auto,TNS,Y,TNS,,SN2021krf_2021-05-07_05-20-37_P60_SEDM_TNS.ascii,,Object,,,Air,Angstrom,1.0,erg cm(-2) sec(-1) Ang(-1),,2160.0,,,,,,,,3776.7,9223.3,25.451401869159,,,[TNS source group:  48 - ZTF ],TNS_Bot1,2021-05-07 20:05:37,59341.222650500014,59342.45218382659,17.075530037793797,ZTF_g,0
18402.0,SN 2021kum,"PS21efv, ATLAS21oho, ZTF21aaxxmvs",171.62222348,47.1284610812,SN IIb,0.053,61586.0,2021-05-19 04:21:58.00,2459353.6819213,5.832672607117274,,P60,SEDM,SEDmRobot,auto,TNS,Y,TNS,,SN2021kum_2021-05-19_04-21-58_P60_SEDM_TNS.ascii,,Object,,,Air,Angstrom,1.0,erg cm(-2) sec(-1) Ang(-1),,2700.0,,,,,,,,3776.7,9223.3,25.451401869159,,,[TNS source group:  48 - ZTF ],TNS_Bot1,2021-05-28 09:05:07,59353.18192130001,59347.349248692895,18.97082175367331,ZTF_g,0
18339.0,SN 2021kww,"Gaia21cfm, ZTF21aayfnjz",201.996417,24.381919,SN IIb,0.023,61502.0,2021-05-14 05:55:04.00,2459348.7465741,-6.049129941027786,,P60,SEDM,SEDmRobot,neill,TNS,Y,TNS,,SN2021kww_2021-05-14_05-55-04_P60_SEDM_TNS.ascii,,Object,,,Air,Angstrom,1.0,erg cm(-2) sec(-1) Ang(-1),,2700.0,,,,,,,,3776.7,9223.3,25.451401869159,,,[TNS source group:  48 - ZTF ],TNS_Bot1,2021-05-16 20:05:08,59348.24657410011,59354.295704041135,17.579033350985846,ZTF_g,0
18455.0,SN 2021kxr,"ATLAS21nxq, ZTF21aayddkn",160.187017,45.16246455,SN Ib,0.052068,61631.0,2021-05-11 06:20:33.00,2459345.7642708,-0.8288890863987035,,P60,SEDM,SEDmRobot,neill,TNS,Y,TNS,,SN2021kxr_2021-05-11_06-20-33_P60_SEDM_TNS.,,Object,,,Air,Angstrom,1.0,erg cm(-2) sec(-1) Ang(-1),,2700.0,,,,,,,,3776.7,9223.3,25.451401869159,,,[TNS source group:  48 - ZTF ],TNS_Bot1,2021-06-02 03:05:10,59345.264270800166,59346.093159886565,19.154120626869833,ZTF_g,0
18413.0,SN 2021lax,"Gaia21cof, ZTF21aayqrgx",212.3385,72.117269,SN Ib,0.033,61598.0,2021-05-12 07:41:02.00,2459346.820162,-0.29025176655704854,,P60,SEDM,SEDmRobot,auto,TNS,Y,TNS,,SN2021lax_2021-05-12_07-41-02_P60_SEDM_TNS.ascii,,Object,,,Air,Angstrom,1.0,erg cm(-2) sec(-1) Ang(-1),,2700.0,,,,,,,,3776.7,9223.3,25.451401869159,,,[TNS source group:  48 - ZTF ],TNS_Bot1,2021-05-30 05:05:06,59346.320162000135,59346.61041376669,19.075187854715622,ZTF_g,0
18313.0,SN 2021lvb,"ATLAS21ojm, ZTF21abahiow",262.147874275,21.739394175,SN Ib,0.03,61468.0,2021-05-13 08:41:14.00,2459347.8619676,-6.686033960089844,,P60,SEDM,SEDmRobot,auto,TNS,Y,TNS,,SN2021lvb_2021-05-13_08-41-14_P60_SEDM_TNS.ascii,,Object,,,Air,Angstrom,1.0,erg cm(-2) sec(-1) Ang(-1),,2700.0,,,,,,,,3776.7,9223.3,25.451401869159,,,[TNS source group:  48 - ZTF ],TNS_Bot1,2021-05-13 20:05:06,59347.36196759995,59354.04800156004,18.574317599716995,ZTF_g,0
18562.0,SN 2021nqo,"ATLAS21pvj, ZTF21abcrhpk",322.36692491538,4.8874980692308,SN Ic,0.089,61766.0,2021-06-20 08:05:01.00,2459385.8368171,10.847746526807896,,P60,SEDM,SEDmRobot,auto,TNS,Y,TNS,,SN2021nqo_2021-06-20_08-05-01_P60_SEDM_TNS.ascii,,Object,,,Air,Angstrom,1.0,erg cm(-2) sec(-1) Ang(-1),,2700.0,,,,,,,,3776.7,9223.3,25.451401869159,,,[TNS source group:  48 - ZTF ],TNS_Bot1,2021-06-20 09:05:05,59385.33681710018,59374.48907057337,18.03871971660759,ZTF_g,0
18625.0,SN 2021rfs,"ATLAS21zvd, ZTF21abimeun, Gaia21dgf",332.9107209,46.3078657,SN Ib,0.018446,62070.0,2021-06-30 10:08:52.00,2459395.9228241,-4.964451457919495,,P60,SEDM,SEDmRobot,auto,TNS,Y,TNS,,SN2021rfs_2021-06-30_10-08-52_P60_SEDM_TNS.ascii,,Object,,,Air,Angstrom,1.0,erg cm(-2) sec(-1) Ang(-1),,2700.0,,,,,,,,3776.7,9223.3,25.451401869159,,,[TNS source group:  48 - ZTF ],TNS_Bot1,2021-07-23 21:05:08,59395.422824100126,59400.387275558045,18.494330547601567,ZTF_r,0
18884.0,SN 2021uth,ZTF21abqvzjy,52.262173700000005,9.2907062,SN IIb,0.025,62340.0,2021-08-05 09:46:59.00,2459431.9076273,-4.025277799926698,,P60,SEDM,SEDmRobot,auto,TNS,Y,TNS,,SN2021uth_2021-08-05_09-46-59_P60_SEDM_TNS.ascii,,Object,,,Air,Angstrom,1.0,erg cm(-2) sec(-1) Ang(-1),,2160.0,,,,,,,,3776.7,9223.3,25.451401869159,,,[TNS source group:  48 - ZTF ],TNS_Bot1,2021-08-05 21:05:05,59431.407627299894,59435.43290509982,17.377181088996707,ZTF_g,0
19140.0,SN 2021vis,"ATLAS21bfiy, ZTF21abrfvax",226.27857087,21.27112502,SN Ic,0.05,62802.0,2021-08-17 06:15:48.00,2459443.7609722,-19.11950236478151,,P60,SEDM,SEDmRobot,auto,TNS,Y,TNS,,SN2021vis_2021-08-17_06-15-48_P60_SEDM_TNS.ascii,,Object,,,Air,Angstrom,1.0,erg cm(-2) sec(-1) Ang(-1),,2700.0,,,,,,,,3776.7,9223.3,25.451401869159,,,[TNS source group:  48 - ZTF ],TNS_Bot1,2021-09-09 12:23:50,59443.26097219996,59462.38047456474,18.103116879119675,ZTF_r,0
19161.0,SN 2021vnw,"Gaia21dze, ZTF21abrqrsz",103.895292,39.764931,SN Ib,0.017166,62826.0,2021-08-24 11:18:32.00,2459450.9712037,7.999648574608727,,P60,SEDM,SEDmRobot,auto,TNS,Y,TNS,,SN2021vnw_2021-08-24_11-18-32_P60_SEDM_TNS.ascii,,Object,,,Air,Angstrom,1.0,erg cm(-2) sec(-1) Ang(-1),,2700.0,,,,,,,,3776.7,9223.3,25.451401869159,,,[TNS source group:  48 - ZTF ],TNS_Bot1,2021-09-09 12:23:50,59450.471203700174,59442.471555125565,17.88302883828567,ZTF_r,0
19351.0,SN 2021zju,"ZTF21acdxhuv, ATLAS21bjbm",2.225908,23.816608,SN Ib,0.015,63209.0,2021-09-28 06:33:20.00,2459485.7731481,-8.323295275775308,,P60,SEDM,SEDmRobot,auto,TNS,Y,TNS,,SN2021zju_2021-09-28_06-33-20_P60_SEDM_TNS.ascii,,Object,,,Air,Angstrom,1.0,erg cm(-2) sec(-1) Ang(-1),,2160.0,,,,,,,,3776.7,9223.3,25.451401869159,,,[TNS source group:  48 - ZTF ],TNS_Bot1,2021-10-04 22:05:07,59485.27314809989,59493.59644337567,17.40192691385283,ZTF_g,0
22678.0,SN 2022abuj,"ZTF22abxlfpl, ATLAS22bmzp",197.1361026,30.7483095,SN Ic,0.02355,69160.0,2022-12-17 12:07:08.00,2459931.0049537,11.22379150740744,,P60,SEDM,SEDmRobot,,TNS,Y,TNS,,SN2022abuj_2022-12-17_12-07-08_P60_SEDM_TNS.ascii,,Object,,,Air,Angstrom,1.0,erg cm(-2) sec(-1) Ang(-1),,2250.0,,,,,,,,3776.7,9223.3,25.451401869159,,,[TNS source group:  48 - ZTF ],TNS_Bot1,2023-02-28 19:05:07,59930.50495370012,59919.28116219271,18.44194112943557,ZTF_g,0
26098.0,SN 2022aehk,"Gaia23ard, ATLAS23aqx, ZTF22abztcly",15.316125,44.042289,SN Ic,0.016,83359.0,2023-01-12 02:18:40.00,2459956.5962963,4.5431397289576125,,P60,SEDM,SEDmRobot,auto,TNS,Y,TNS,,SN2022aehk_2023-01-12_02-18-40_P60_SEDM_TNS.ascii,,Object,,,Air,Angstrom,1.0,erg cm(-2) sec(-1) Ang(-1),,1800.0,,,,,,,,3776.7,9223.3,25.451401869159,,,[TNS source group:  48 - ZTF ],TNS_Bot1,2024-08-31 00:10:06,59956.09629630018,59951.55315657122,17.627308244353046,ZTF_g,0
20832.0,SN 2022ibn,"ZTF22aagzmcz, ATLAS22mnc",196.5607605,25.4614479,SN Ic,0.0242,66327.0,2022-05-13 08:56:37.00,2459712.8726505,12.970082282081421,,P60,SEDM,SEDmRobot,neill,TNS,Y,TNS,,SN2022ibn_2022-05-13_08-56-37_P60_SEDM_TNS.ascii,,Object,,,Air,Angstrom,1.0,erg cm(-2) sec(-1) Ang(-1),,2700.0,,,,,,,,3776.7,9223.3,25.451401869159,,,[TNS source group:  48 - ZTF ],TNS_Bot1,2022-05-30 09:25:14,59712.37265049992,59699.40256821784,18.81219184471859,ZTF_g,0
21014.0,SN 2022lfa,"ATLAS22ppk, ZTF22aalfmec",328.59749574444,15.154319744444,SN Ic,0.027,66934.0,2022-06-18 07:03:31.00,2459748.7941088,15.382279745375854,,P60,SEDM,SEDmRobot,auto,TNS,Y,TNS,,SN2022lfa_2022-06-18_07-03-31_P60_SEDM_TNS.ascii,,Object,,,Air,Angstrom,1.0,erg cm(-2) sec(-1) Ang(-1),,2700.0,,,,,,,,3776.7,9223.3,25.451401869159,,,[TNS source group:  48 - ZTF ],TNS_Bot1,2022-07-26 06:05:06,59748.294108800124,59732.91182905475,19.63704206655733,ZTF_g,0
21047.0,SN 2022nmq,"Gaia22cry, ZTF22aaoolua",4.580375,19.395611,SN Ic,0.0180859994,66658.0,2022-07-05 08:16:50.00,2459765.8450231,8.938123140389507,,P60,SEDM,SEDmRobot,auto,TNS,Y,TNS,,SN2022nmq_2022-07-05_08-16-50_P60_SEDM_TNS.ascii,,Object,,,Air,Angstrom,1.0,erg cm(-2) sec(-1) Ang(-1),,2250.0,,,,,,,,3776.7,9223.3,25.451401869159,,,[TNS source group:  48 - ZTF ],TNS_Bot1,2022-07-05 14:05:08,59765.3450230998,59756.40689995941,18.845072717080697,ZTF_g,0
21090.0,SN 2022oqm,"ZTF22aasxgjp, ATLAS22txq",227.28425,52.534794,SN Ic,0.0113,66750.0,2022-07-11 07:29:54.00,2459771.8124306,-11.825915082270512,,P60,SEDM,SEDmRobot,,TNS,Y,TNS,,SN2022oqm_2022-07-11_07-29-54_P60_SEDM_TNS.txt,,Object,,,Air,Angstrom,1.0,erg cm(-2) sec(-1) Ang(-1),,,,,,,,,,3776.7,9223.3,25.451401869159,Irani et al. 2024,2024ApJ...962..109I,"No Hydrogen lines, broad possible C IV  [TNS source group:  48 - ZTF ]",TNS_Bot1,2022-07-11 12:05:07,59771.31243060017,59783.13834568244,16.595440787631087,ZTF_g,1
21090.0,SN 2022oqm,"ZTF22aasxgjp, ATLAS22txq",227.28425,52.534794,SN Ic,0.0113,67011.0,2022-07-12 05:08:35.00,2459772.714294,-10.924051682377467,,P60,SEDM,Unknown,,ZTF,Y,ZTF,2024-02-22,ZTF22aasxgjp_2022-07-12_05-08-35_P60_SEDM_ZTF.ascii,,Object,,,Air,Angstrom,1.0,erg cm(-2) sec(-1) Ang(-1),,1800.0,,,,,,,,3776.7,9223.3,25.451401869159,Irani et al. 2024,2024ApJ...962..109I,Spectrum ingested via script from ZTF-Fritz.,WIS_ZTF_Bot,2022-08-02 13:55:17,59772.21429400006,59783.13834568244,16.595440787631087,ZTF_g,1
21090.0,SN 2022oqm,"ZTF22aasxgjp, ATLAS22txq",227.28425,52.534794,SN Ic,0.0113,67012.0,2022-07-13 04:17:23.00,2459773.6787384,-9.95960728256614,,P60,SEDM,Unknown,,ZTF,Y,ZTF,2024-02-22,ZTF22aasxgjp_2022-07-13_04-17-23_P60_SEDM_ZTF.ascii,,Object,,,Air,Angstrom,1.0,erg cm(-2) sec(-1) Ang(-1),,1800.0,,,,,,,,3776.7,9223.3,25.451401869159,Irani et al. 2024,2024ApJ...962..109I,Spectrum ingested via script from ZTF-Fritz.,WIS_ZTF_Bot,2022-08-02 13:55:17,59773.178738399874,59783.13834568244,16.595440787631087,ZTF_g,1
21090.0,SN 2022oqm,"ZTF22aasxgjp, ATLAS22txq",227.28425,52.534794,SN Ic,0.0113,67015.0,2022-07-14 05:17:04.00,2459774.7201852,-8.918160482222447,,P60,SEDM,Unknown,,ZTF,Y,ZTF,2024-02-22,ZTF22aasxgjp_2022-07-14_05-17-04_P60_SEDM_ZTF.ascii,,Object,,,Air,Angstrom,1.0,erg cm(-2) sec(-1) Ang(-1),,1800.0,,,,,,,,3776.7,9223.3,25.451401869159,Irani et al. 2024,2024ApJ...962..109I,Spectrum ingested via script from ZTF-Fritz.,WIS_ZTF_Bot,2022-08-02 13:55:17,59774.22018520022,59783.13834568244,16.595440787631087,ZTF_g,1
21090.0,SN 2022oqm,"ZTF22aasxgjp, ATLAS22txq",227.28425,52.534794,SN Ic,0.0113,67017.0,2022-07-17 04:15:02.00,2459777.6771065,-5.961239182302961,,P60,SEDM,Unknown,,ZTF,Y,ZTF,2024-02-22,ZTF22aasxgjp_2022-07-17_04-15-02_P60_SEDM_ZTF.ascii,,Object,,,Air,Angstrom,1.0,erg cm(-2) sec(-1) Ang(-1),,1800.0,,,,,,,,3776.7,9223.3,25.451401869159,Irani et al. 2024,2024ApJ...962..109I,Spectrum ingested via script from ZTF-Fritz.,WIS_ZTF_Bot,2022-08-02 13:55:17,59777.17710650014,59783.13834568244,16.595440787631087,ZTF_g,1
21090.0,SN 2022oqm,"ZTF22aasxgjp, ATLAS22txq",227.28425,52.534794,SN Ic,0.0113,67016.0,2022-07-18 04:23:53.00,2459778.6832523,-4.955093382304767,,P60,SEDM,Unknown,,ZTF,Y,ZTF,2024-02-22,ZTF22aasxgjp_2022-07-18_04-23-53_P60_SEDM_ZTF.ascii,,Object,,,Air,Angstrom,1.0,erg cm(-2) sec(-1) Ang(-1),,1800.0,,,,,,,,3776.7,9223.3,25.451401869159,Irani et al. 2024,2024ApJ...962..109I,Spectrum ingested via script from ZTF-Fritz.,WIS_ZTF_Bot,2022-08-02 13:55:17,59778.183252300136,59783.13834568244,16.595440787631087,ZTF_g,1
21090.0,SN 2022oqm,"ZTF22aasxgjp, ATLAS22txq",227.28425,52.534794,SN Ic,0.0113,67018.0,2022-07-20 04:12:34.00,2459780.6753935,-2.962952182540903,,P60,SEDM,Unknown,,ZTF,Y,ZTF,2024-02-22,ZTF22aasxgjp_2022-07-20_04-12-34_P60_SEDM_ZTF.ascii,,Object,,,Air,Angstrom,1.0,erg cm(-2) sec(-1) Ang(-1),,1800.0,,,,,,,,3776.7,9223.3,25.451401869159,Irani et al. 2024,2024ApJ...962..109I,Spectrum ingested via script from ZTF-Fritz.,WIS_ZTF_Bot,2022-08-02 13:55:17,59780.1753934999,59783.13834568244,16.595440787631087,ZTF_g,1
21090.0,SN 2022oqm,"ZTF22aasxgjp, ATLAS22txq",227.28425,52.534794,SN Ic,0.0113,67019.0,2022-07-26 04:11:09.00,2459786.6744097,3.03606401765137,,P60,SEDM,Unknown,,ZTF,Y,ZTF,2024-02-22,ZTF22aasxgjp_2022-07-26_04-11-09_P60_SEDM_ZTF.ascii,,Object,,,Air,Angstrom,1.0,erg cm(-2) sec(-1) Ang(-1),,1800.0,,,,,,,,3776.7,9223.3,25.451401869159,Irani et al. 2024,2024ApJ...962..109I,Spectrum ingested via script from ZTF-Fritz.,WIS_ZTF_Bot,2022-08-02 13:55:17,59786.17440970009,59783.13834568244,16.595440787631087,ZTF_g,1
21090.0,SN 2022oqm,"ZTF22aasxgjp, ATLAS22txq",227.28425,52.534794,SN Ic,0.0113,67020.0,2022-07-27 05:47:16.00,2459787.7411574,4.1028117175155785,,P60,SEDM,Unknown,,ZTF,Y,ZTF,2024-02-22,ZTF22aasxgjp_2022-07-27_05-47-16_P60_SEDM_ZTF.ascii,,Object,,,Air,Angstrom,1.0,erg cm(-2) sec(-1) Ang(-1),,1800.0,,,,,,,,3776.7,9223.3,25.451401869159,Irani et al. 2024,2024ApJ...962..109I,Spectrum ingested via script from ZTF-Fritz.,WIS_ZTF_Bot,2022-08-02 13:55:17,59787.241157399956,59783.13834568244,16.595440787631087,ZTF_g,1
21090.0,SN 2022oqm,"ZTF22aasxgjp, ATLAS22txq",227.28425,52.534794,SN Ic,0.0113,67882.0,2022-08-07 03:56:47.00,2459798.6644329,15.026087217585882,,P60,SEDM,Unknown,,ZTF,Y,ZTF,2024-02-22,ZTF22aasxgjp_2022-08-07_03-56-47_P60_SEDM_ZTF.ascii,,Object,,,Air,Angstrom,1.0,erg cm(-2) sec(-1) Ang(-1),,1800.0,,,,,,,,3776.7,9223.3,25.451401869159,Irani et al. 2024,2024ApJ...962..109I,Spectrum ingested via script from ZTF-Fritz.,WIS_ZTF_Bot,2022-10-18 13:00:56,59798.16443290003,59783.13834568244,16.595440787631087,ZTF_g,1
21090.0,SN 2022oqm,"ZTF22aasxgjp, ATLAS22txq",227.28425,52.534794,SN Ic,0.0113,67885.0,2022-08-10 04:33:11.00,2459801.6897106,18.051364917395404,,P60,SEDM,Unknown,,ZTF,Y,ZTF,2024-02-22,ZTF22aasxgjp_2022-08-10_04-33-11_P60_SEDM_ZTF.ascii,,Object,,,Air,Angstrom,1.0,erg cm(-2) sec(-1) Ang(-1),,1800.0,,,,,,,,3776.7,9223.3,25.451401869159,Irani et al. 2024,2024ApJ...962..109I,Spectrum ingested via script from ZTF-Fritz.,WIS_ZTF_Bot,2022-10-18 13:00:56,59801.189710599836,59783.13834568244,16.595440787631087,ZTF_g,1
21090.0,SN 2022oqm,"ZTF22aasxgjp, ATLAS22txq",227.28425,52.534794,SN Ic,0.0113,67886.0,2022-08-14 03:52:07.00,2459805.6611921,22.02284641758888,,P60,SEDM,Unknown,,ZTF,Y,ZTF,2024-02-22,ZTF22aasxgjp_2022-08-14_03-52-07_P60_SEDM_ZTF.ascii,,Object,,,Air,Angstrom,1.0,erg cm(-2) sec(-1) Ang(-1),,1800.0,,,,,,,,3776.7,9223.3,25.451401869159,Irani et al. 2024,2024ApJ...962..109I,Spectrum ingested via script from ZTF-Fritz.,WIS_ZTF_Bot,2022-10-18 13:00:56,59805.16119210003,59783.13834568244,16.595440787631087,ZTF_g,1
21090.0,SN 2022oqm,"ZTF22aasxgjp, ATLAS22txq",227.28425,52.534794,SN Ic,0.0113,67883.0,2022-08-16 03:46:04.00,2459807.6569907,24.018645017495146,,P60,SEDM,Unknown,,ZTF,Y,ZTF,2024-02-22,ZTF22aasxgjp_2022-08-16_03-46-04_P60_SEDM_ZTF.ascii,,Object,,,Air,Angstrom,1.0,erg cm(-2) sec(-1) Ang(-1),,2250.0,,,,,,,,3776.7,9223.3,25.451401869159,Irani et al. 2024,2024ApJ...962..109I,Spectrum ingested via script from ZTF-Fritz.,WIS_ZTF_Bot,2022-10-18 13:00:56,59807.156990699936,59783.13834568244,16.595440787631087,ZTF_g,1
21090.0,SN 2022oqm,"ZTF22aasxgjp, ATLAS22txq",227.28425,52.534794,SN Ic,0.0113,67887.0,2022-08-28 04:23:04.00,2459819.6826852,36.04433951768442,,P60,SEDM,Unknown,,ZTF,Y,ZTF,2024-02-22,ZTF22aasxgjp_2022-08-28_04-23-04_P60_SEDM_ZTF.ascii,,Object,,,Air,Angstrom,1.0,erg cm(-2) sec(-1) Ang(-1),,2250.0,,,,,,,,3776.7,9223.3,25.451401869159,Irani et al. 2024,2024ApJ...962..109I,Spectrum ingested via script from ZTF-Fritz.,WIS_ZTF_Bot,2022-10-18 13:00:56,59819.182685200125,59783.13834568244,16.595440787631087,ZTF_g,1
21090.0,SN 2022oqm,"ZTF22aasxgjp, ATLAS22txq",227.28425,52.534794,SN Ic,0.0113,67884.0,2022-08-29 03:47:06.00,2459820.6577083,37.01936261737137,,P60,SEDM,Unknown,,ZTF,Y,ZTF,2024-02-22,ZTF22aasxgjp_2022-08-29_03-47-06_P60_SEDM_ZTF.ascii,,Object,,,Air,Angstrom,1.0,erg cm(-2) sec(-1) Ang(-1),,2250.0,,,,,,,,3776.7,9223.3,25.451401869159,Irani et al. 2024,2024ApJ...962..109I,Spectrum ingested via script from ZTF-Fritz.,WIS_ZTF_Bot,2022-10-18 13:00:56,59820.15770829981,59783.13834568244,16.595440787631087,ZTF_g,1
21090.0,SN 2022oqm,"ZTF22aasxgjp, ATLAS22txq",227.28425,52.534794,SN Ic,0.0113,67888.0,2022-09-01 03:24:43.00,2459823.6421644,40.00381871740683,,P60,SEDM,Unknown,,ZTF,Y,ZTF,2024-02-22,ZTF22aasxgjp_2022-09-01_03-24-43_P60_SEDM_ZTF.ascii,,Object,,,Air,Angstrom,1.0,erg cm(-2) sec(-1) Ang(-1),,2250.0,,,,,,,,3776.7,9223.3,25.451401869159,Irani et al. 2024,2024ApJ...962..109I,Spectrum ingested via script from ZTF-Fritz.,WIS_ZTF_Bot,2022-10-18 13:00:56,59823.14216439985,59783.13834568244,16.595440787631087,ZTF_g,1
21247.0,SN 2022oxj,"PS22gog, ZTF22aatunnt",325.829228901,5.58084133698,SN Ib,0.04,67061.0,2022-07-28 09:03:16.00,2459788.8772685,-3.760891103927861,,P60,SEDM,SEDmRobot,auto,TNS,Y,TNS,,SN2022oxj_2022-07-28_09-03-16_P60_SEDM_TNS.ascii,,Object,,,Air,Angstrom,1.0,erg cm(-2) sec(-1) Ang(-1),,2250.0,,,,,,,,3776.7,9223.3,25.451401869159,,,[TNS source group:  48 - ZTF ],TNS_Bot1,2022-08-07 17:05:07,59788.37726850016,59792.13815960409,18.986801376255244,ZTF_g,0
21263.0,SN 2022qdg,"ATLAS22xqj, ZTF22aaxtias",280.5821404,17.7068959,SN Ib/c,0.012,67083.0,2022-08-10 06:59:14.00,2459801.7911343,-2.4276630143649527,,P60,SEDM,P60/SEDM,,TNS,Y,TNS,,SN2022qdg_2022-08-10_06-59-14_P60_SEDM_TNS.txt,,Object,,,Air,Angstrom,1.0,erg cm(-2) sec(-1) Ang(-1),,2250.0,,,,,,,,3776.7,9223.3,25.451401869159,,,[TNS source group:  48 - ZTF ],TNS_Bot1,2022-08-12 15:05:06,59801.291134300176,59803.71879731454,18.663540773356036,ZTF_g,0
21263.0,SN 2022qdg,"ATLAS22xqj, ZTF22aaxtias",280.5821404,17.7068959,SN Ib/c,0.012,67200.0,2022-08-16 06:14:41.00,2459807.7601968,3.541399485337024,,P60,SEDM,SEDmRobot,,TNS,Y,TNS,,SN2022qdg_2022-08-16_06-14-41_P60_SEDM_TNS.ascii,,Object,,,Air,Angstrom,1.0,erg cm(-2) sec(-1) Ang(-1),,1800.0,,,,,,,,3776.7,9223.3,25.451401869159,,,[TNS source group:  48 - ZTF ],TNS_Bot1,2022-08-24 21:05:07,59807.26019679988,59803.71879731454,18.663540773356036,ZTF_g,0
21315.0,SN 2022rbo,ZTF22aazqoey,102.6087354,43.0467054,SN Ib,0.018853,67148.0,2022-08-20 11:32:05.00,2459811.9806134,6.9547267126254155,,P60,SEDM,SEDmRobot,auto,TNS,Y,TNS,,SN2022rbo_2022-08-20_11-32-05_P60_SEDM_TNS.ascii,,Object,,,Air,Angstrom,1.0,erg cm(-2) sec(-1) Ang(-1),,2250.0,,,,,,,,3776.7,9223.3,25.451401869159,,,[TNS source group:  48 - ZTF ],TNS_Bot1,2022-08-20 14:05:06,59811.48061340023,59804.5258866876,18.27952061983992,ZTF_r,0
21817.0,SN 2022wwd,"ATLAS22bing, ZTF22abllclb",55.666347622222,-6.3783917222222,SN Ic,0.021171,67806.0,2022-10-14 08:47:11.00,2459866.8660995,1.6867634862865089,,P60,SEDM,SEDmRobot,,TNS,Y,TNS,,SN2022wwd_2022-10-14_08-47-11_P60_SEDM_TNS.ascii,,Object,,,Air,Angstrom,1.0,erg cm(-2) sec(-1) Ang(-1),,2250.0,,,,,,,,3776.7,9223.3,25.451401869159,,,[TNS source group:  48 - ZTF ],TNS_Bot1,2022-10-14 21:05:07,59866.3660995001,59864.67933601381,18.373450856087658,ZTF_g,0
22833.0,SN 2023aew,"ATLAS23dnr, Gaia23ate, ZTF23aaawbsc",265.214042,66.206319,SN IIb,0.025,69818.0,2023-01-27 12:26:02.00,2459972.0180787,-101.79651320871926,,P60,SEDM,Jesper Sollerman,,TNS,Y,TNS,,SN2023aew_2023-01-27_12-26-02_P60_SEDM_TNS.txt,,Object,,,Air,Angstrom,1.0,erg cm(-2) sec(-1) Ang(-1),,2250.0,,,,,,,,3776.7,9223.3,25.451401869159,,,[TNS source group:  48 - ZTF ],TNS_Bot1,2023-04-09 17:05:06,59971.518078700174,60073.31459190889,16.781296192886952,ZTF_g,1
22833.0,SN 2023aew,"ATLAS23dnr, Gaia23ate, ZTF23aaawbsc",265.214042,66.206319,SN IIb,0.025,81324.0,2023-01-27 12:26:02.00,2459972.0180787,-101.79651320871926,,P60,SEDM,SEDm-Robot,SEDm-Robot,,Y,,,2023aew_2023-01-27_12-26-02_P60_SEDM_None.txt,,Object,Medium,,Air,Angstrom,1.0,erg cm(-2) sec(-1) Ang(-1),Std-star,2250.0,,,,,,,,3776.7,9223.3,25.451401869159,,,,Yashvi Sharma,2024-04-19 23:23:17,59971.518078700174,60073.31459190889,16.781296192886952,ZTF_g,1
22833.0,SN 2023aew,"ATLAS23dnr, Gaia23ate, ZTF23aaawbsc",265.214042,66.206319,SN IIb,0.025,81325.0,2023-04-22 06:22:27.00,2460056.7655903,-17.049001609040715,,P60,SEDM,SEDm-Robot,SEDm-Robot,,Y,,,2023aew_2023-04-22_06-22-27_P60_SEDM_None.txt,,Object,Medium,,Air,Angstrom,1.0,erg cm(-2) sec(-1) Ang(-1),Std-star,1800.0,,,,,,,,3776.7,9223.3,25.451401869159,,,,Yashvi Sharma,2024-04-19 23:23:17,60056.26559029985,60073.31459190889,16.781296192886952,ZTF_g,1
22833.0,SN 2023aew,"ATLAS23dnr, Gaia23ate, ZTF23aaawbsc",265.214042,66.206319,SN IIb,0.025,81326.0,2023-04-23 06:22:52.00,2460057.7658796,-16.048712309049733,,P60,SEDM,SEDm-Robot,SEDm-Robot,,Y,,,2023aew_2023-04-23_06-22-52_P60_SEDM_None.txt,,Object,Medium,,Air,Angstrom,1.0,erg cm(-2) sec(-1) Ang(-1),Std-star,1800.0,,,,,,,,3776.7,9223.3,25.451401869159,,,,Yashvi Sharma,2024-04-19 23:23:17,60057.26587959984,60073.31459190889,16.781296192886952,ZTF_g,1
22833.0,SN 2023aew,"ATLAS23dnr, Gaia23ate, ZTF23aaawbsc",265.214042,66.206319,SN IIb,0.025,81328.0,2023-04-24 07:30:35.00,2460058.8129051,-15.00168680871866,,P60,SEDM,SEDm-Robot,SEDm-Robot,,Y,,,2023aew_2023-04-24_07-30-35_P60_SEDM_None.txt,,Object,Medium,,Air,Angstrom,1.0,erg cm(-2) sec(-1) Ang(-1),Std-star,1800.0,,,,,,,,3776.7,9223.3,25.451401869159,,,,Yashvi Sharma,2024-04-19 23:23:17,60058.312905100174,60073.31459190889,16.781296192886952,ZTF_g,1
22833.0,SN 2023aew,"ATLAS23dnr, Gaia23ate, ZTF23aaawbsc",265.214042,66.206319,SN IIb,0.025,81330.0,2023-04-28 06:20:44.00,2460062.7643981,-11.05019380903832,,P60,SEDM,SEDm-Robot,SEDm-Robot,,Y,,,2023aew_2023-04-28_06-20-44_P60_SEDM_None.txt,,Object,Medium,,Air,Angstrom,1.0,erg cm(-2) sec(-1) Ang(-1),Std-star,1800.0,,,,,,,,3776.7,9223.3,25.451401869159,,,,Yashvi Sharma,2024-04-19 23:23:17,60062.264398099855,60073.31459190889,16.781296192886952,ZTF_g,1
22833.0,SN 2023aew,"ATLAS23dnr, Gaia23ate, ZTF23aaawbsc",265.214042,66.206319,SN IIb,0.025,81333.0,2023-05-07 09:36:54.00,2460071.900625,-1.913966909116425,,P60,SEDM,SEDm-Robot,SEDm-Robot,,Y,,,2023aew_2023-05-07_09-36-54_P60_SEDM_None.txt,,Object,Medium,,Air,Angstrom,1.0,erg cm(-2) sec(-1) Ang(-1),Std-star,1800.0,,,,,,,,3776.7,9223.3,25.451401869159,,,,Yashvi Sharma,2024-04-19 23:23:17,60071.40062499978,60073.31459190889,16.781296192886952,ZTF_g,1
22833.0,SN 2023aew,"ATLAS23dnr, Gaia23ate, ZTF23aaawbsc",265.214042,66.206319,SN IIb,0.025,81335.0,2023-05-11 09:01:59.00,2460075.8763773,2.0617853910007398,,P60,SEDM,SEDm-Robot,SEDm-Robot,,Y,,,2023aew_2023-05-11_09-01-59_P60_SEDM_None.txt,,Object,Medium,,Air,Angstrom,1.0,erg cm(-2) sec(-1) Ang(-1),Std-star,1800.0,,,,,,,,3776.7,9223.3,25.451401869159,,,,Yashvi Sharma,2024-04-19 23:23:17,60075.376377299894,60073.31459190889,16.781296192886952,ZTF_g,1
22833.0,SN 2023aew,"ATLAS23dnr, Gaia23ate, ZTF23aaawbsc",265.214042,66.206319,SN IIb,0.025,81336.0,2023-05-17 06:13:41.00,2460081.7595023,7.944910391168378,,P60,SEDM,SEDm-Robot,SEDm-Robot,,Y,,,2023aew_2023-05-17_06-13-41_P60_SEDM_None.txt,,Object,Medium,,Air,Angstrom,1.0,erg cm(-2) sec(-1) Ang(-1),Std-star,1800.0,,,,,,,,3776.7,9223.3,25.451401869159,,,,Yashvi Sharma,2024-04-19 23:23:17,60081.25950230006,60073.31459190889,16.781296192886952,ZTF_g,1
22833.0,SN 2023aew,"ATLAS23dnr, Gaia23ate, ZTF23aaawbsc",265.214042,66.206319,SN IIb,0.025,81338.0,2023-05-23 09:37:24.00,2460087.9009722,14.08638029119902,,P60,SEDM,SEDm-Robot,SEDm-Robot,,Y,,,2023aew_2023-05-23_09-37-24_P60_SEDM_None.txt,,Object,Medium,,Air,Angstrom,1.0,erg cm(-2) sec(-1) Ang(-1),Std-star,1800.0,,,,,,,,3776.7,9223.3,25.451401869159,,,,Yashvi Sharma,2024-04-19 23:23:17,60087.40097220009,60073.31459190889,16.781296192886952,ZTF_g,1
22833.0,SN 2023aew,"ATLAS23dnr, Gaia23ate, ZTF23aaawbsc",265.214042,66.206319,SN IIb,0.025,81339.0,2023-06-08 04:24:56.00,2460103.6839815,29.869389591207437,,P60,SEDM,SEDm-Robot,SEDm-Robot,,Y,,,2023aew_2023-06-08_04-24-56_P60_SEDM_None.txt,,Object,Medium,,Air,Angstrom,1.0,erg cm(-2) sec(-1) Ang(-1),Std-star,1800.0,,,,,,,,3776.7,9223.3,25.451401869159,,,,Yashvi Sharma,2024-04-19 23:23:17,60103.1839815001,60073.31459190889,16.781296192886952,ZTF_g,1
22833.0,SN 2023aew,"ATLAS23dnr, Gaia23ate, ZTF23aaawbsc",265.214042,66.206319,SN IIb,0.025,81340.0,2023-06-13 06:00:59.00,2460108.7506829,34.93609099130117,,P60,SEDM,SEDm-Robot,SEDm-Robot,,Y,,,2023aew_2023-06-13_06-00-59_P60_SEDM_None.txt,,Object,Medium,,Air,Angstrom,1.0,erg cm(-2) sec(-1) Ang(-1),Std-star,1800.0,,,,,,,,3776.7,9223.3,25.451401869159,,,,Yashvi Sharma,2024-04-19 23:23:17,60108.250682900194,60073.31459190889,16.781296192886952,ZTF_g,1
22833.0,SN 2023aew,"ATLAS23dnr, Gaia23ate, ZTF23aaawbsc",265.214042,66.206319,SN IIb,0.025,81343.0,2023-06-21 05:52:01.00,2460116.744456,42.92986409126752,,P60,SEDM,SEDm-Robot,SEDm-Robot,,Y,,,2023aew_2023-06-21_05-52-01_P60_SEDM_None.txt,,Object,Medium,,Air,Angstrom,1.0,erg cm(-2) sec(-1) Ang(-1),Std-star,1800.0,,,,,,,,3776.7,9223.3,25.451401869159,,,,Yashvi Sharma,2024-04-19 23:23:17,60116.24445600016,60073.31459190889,16.781296192886952,ZTF_g,1
22833.0,SN 2023aew,"ATLAS23dnr, Gaia23ate, ZTF23aaawbsc",265.214042,66.206319,SN IIb,0.025,81346.0,2023-06-25 07:39:01.00,2460120.8187616,47.00416969128855,,P60,SEDM,SEDm-Robot,SEDm-Robot,,Y,,,2023aew_2023-06-25_07-39-01_P60_SEDM_None.txt,,Object,Medium,,Air,Angstrom,1.0,erg cm(-2) sec(-1) Ang(-1),Std-star,1800.0,,,,,,,,3776.7,9223.3,25.451401869159,,,,Yashvi Sharma,2024-04-19 23:23:17,60120.31876160018,60073.31459190889,16.781296192886952,ZTF_g,1
22833.0,SN 2023aew,"ATLAS23dnr, Gaia23ate, ZTF23aaawbsc",265.214042,66.206319,SN IIb,0.025,81347.0,2023-06-28 08:06:09.00,2460123.8376042,50.0230122911089,,P60,SEDM,SEDm-Robot,SEDm-Robot,,Y,,,2023aew_2023-06-28_08-06-09_P60_SEDM_None.txt,,Object,Medium,,Air,Angstrom,1.0,erg cm(-2) sec(-1) Ang(-1),Std-star,2250.0,,,,,,,,3776.7,9223.3,25.451401869159,,,,Yashvi Sharma,2024-04-19 23:23:17,60123.3376042,60073.31459190889,16.781296192886952,ZTF_g,1
22833.0,SN 2023aew,"ATLAS23dnr, Gaia23ate, ZTF23aaawbsc",265.214042,66.206319,SN IIb,0.025,81348.0,2023-06-29 05:12:43.00,2460124.7171644,50.902572491140745,,P60,SEDM,SEDm-Robot,SEDm-Robot,,Y,,,2023aew_2023-06-29_05-12-43_P60_SEDM_None.txt,,Object,Medium,,Air,Angstrom,1.0,erg cm(-2) sec(-1) Ang(-1),Std-star,1800.0,,,,,,,,3776.7,9223.3,25.451401869159,,,,Yashvi Sharma,2024-04-19 23:23:17,60124.217164400034,60073.31459190889,16.781296192886952,ZTF_g,1
22833.0,SN 2023aew,"ATLAS23dnr, Gaia23ate, ZTF23aaawbsc",265.214042,66.206319,SN IIb,0.025,81349.0,2023-07-01 06:49:34.00,2460126.7844213,52.96982939115696,,P60,SEDM,SEDm-Robot,SEDm-Robot,,Y,,,2023aew_2023-07-01_06-49-34_P60_SEDM_None.txt,,Object,Medium,,Air,Angstrom,1.0,erg cm(-2) sec(-1) Ang(-1),Std-star,1800.0,,,,,,,,3776.7,9223.3,25.451401869159,,,,Yashvi Sharma,2024-04-19 23:23:17,60126.28442130005,60073.31459190889,16.781296192886952,ZTF_g,1
22833.0,SN 2023aew,"ATLAS23dnr, Gaia23ate, ZTF23aaawbsc",265.214042,66.206319,SN IIb,0.025,81350.0,2023-07-05 06:18:02.00,2460130.7625231,56.947931190887175,,P60,SEDM,SEDm-Robot,SEDm-Robot,,Y,,,2023aew_2023-07-05_06-18-02_P60_SEDM_None.txt,,Object,Medium,,Air,Angstrom,1.0,erg cm(-2) sec(-1) Ang(-1),Std-star,1800.0,,,,,,,,3776.7,9223.3,25.451401869159,,,,Yashvi Sharma,2024-04-19 23:23:17,60130.26252309978,60073.31459190889,16.781296192886952,ZTF_g,1
22833.0,SN 2023aew,"ATLAS23dnr, Gaia23ate, ZTF23aaawbsc",265.214042,66.206319,SN IIb,0.025,81351.0,2023-07-13 07:18:03.00,2460138.8042014,64.98960949101456,,P60,SEDM,SEDm-Robot,SEDm-Robot,,Y,,,2023aew_2023-07-13_07-18-03_P60_SEDM_None.txt,,Object,Medium,,Air,Angstrom,1.0,erg cm(-2) sec(-1) Ang(-1),Std-star,1800.0,,,,,,,,3776.7,9223.3,25.451401869159,,,,Yashvi Sharma,2024-04-19 23:23:17,60138.30420139991,60073.31459190889,16.781296192886952,ZTF_g,1
22833.0,SN 2023aew,"ATLAS23dnr, Gaia23ate, ZTF23aaawbsc",265.214042,66.206319,SN IIb,0.025,81354.0,2023-07-21 06:16:48.00,2460146.7616667,72.94707479088538,,P60,SEDM,SEDm-Robot,SEDm-Robot,,Y,,,2023aew_2023-07-21_06-16-48_P60_SEDM_None.txt,,Object,Medium,,Air,Angstrom,1.0,erg cm(-2) sec(-1) Ang(-1),Std-star,2250.0,,,,,,,,3776.7,9223.3,25.451401869159,,,,Yashvi Sharma,2024-04-19 23:23:17,60146.26166669978,60073.31459190889,16.781296192886952,ZTF_g,1
22833.0,SN 2023aew,"ATLAS23dnr, Gaia23ate, ZTF23aaawbsc",265.214042,66.206319,SN IIb,0.025,81355.0,2023-07-22 06:22:48.00,2460147.7658333,73.95124139117979,,P60,SEDM,SEDm-Robot,SEDm-Robot,,Y,,,2023aew_2023-07-22_06-22-48_P60_SEDM_None.txt,,Object,Medium,,Air,Angstrom,1.0,erg cm(-2) sec(-1) Ang(-1),Std-star,2250.0,,,,,,,,3776.7,9223.3,25.451401869159,,,,Yashvi Sharma,2024-04-19 23:23:17,60147.26583330007,60073.31459190889,16.781296192886952,ZTF_g,1
22833.0,SN 2023aew,"ATLAS23dnr, Gaia23ate, ZTF23aaawbsc",265.214042,66.206319,SN IIb,0.025,81357.0,2023-07-30 06:22:10.00,2460155.7653935,81.9508015913234,,P60,SEDM,SEDm-Robot,SEDm-Robot,,Y,,,2023aew_2023-07-30_06-22-10_P60_SEDM_None.txt,,Object,Medium,,Air,Angstrom,1.0,erg cm(-2) sec(-1) Ang(-1),Std-star,2250.0,,,,,,,,3776.7,9223.3,25.451401869159,,,,Yashvi Sharma,2024-04-19 23:23:17,60155.265393500216,60073.31459190889,16.781296192886952,ZTF_g,1
22833.0,SN 2023aew,"ATLAS23dnr, Gaia23ate, ZTF23aaawbsc",265.214042,66.206319,SN IIb,0.025,81359.0,2023-08-12 07:05:20.00,2460168.7953704,94.98077849105903,,P60,SEDM,SEDm-Robot,SEDm-Robot,,Y,,,2023aew_2023-08-12_07-05-20_P60_SEDM_None.txt,,Object,Medium,,Air,Angstrom,1.0,erg cm(-2) sec(-1) Ang(-1),Std-star,2250.0,,,,,,,,3776.7,9223.3,25.451401869159,,,,Yashvi Sharma,2024-04-19 23:23:17,60168.29537039995,60073.31459190889,16.781296192886952,ZTF_g,1
22611.0,SN 2023apl,"Gaia23als, ZTF23aaazffe",231.114625,30.148531,SN Ic,0.04,69034.0,2023-02-10 10:30:12.00,2459985.9376389,4.637830219508032,,P60,SEDM,SEDmRobot,,TNS,Y,TNS,,SN2023apl_2023-02-10_10-30-12_P60_SEDM_TNS.ascii,,Object,,,Air,Angstrom,1.0,erg cm(-2) sec(-1) Ang(-1),,2250.0,,,,,,,,3776.7,9223.3,25.451401869159,,,[TNS source group:  48 - ZTF ],TNS_Bot1,2023-02-13 22:05:08,59985.43763889978,59980.79980868027,18.642271571855385,ZTF_g,0
23230.0,SN 2023gwl,ZTF23aaialcw,198.8414944,1.9275673,SN IIb,0.0346,77073.0,2023-05-12 06:15:15.00,2460076.7605903,-3.976556613393768,,P60,SEDM,Jesper Sollerman,,TNS,Y,TNS,,SN2023gwl_2023-05-12_06-15-15_P60_SEDM_TNS.txt,,Object,,,Air,Angstrom,1.0,erg cm(-2) sec(-1) Ang(-1),,,,,,,,,,3776.7,9223.3,25.451401869159,,,[TNS source group:  48 - ZTF ],TNS_Bot1,2023-05-12 11:05:07,60076.260590299964,60080.23714691336,18.940516154489742,ZTF_g,1
23323.0,SN 2023hxp,"PS23dir, ATLAS23khr, ZTF23aajakys",256.570010532,38.3928536272,SN Ic,0.0328,77264.0,2023-05-24 07:39:15.00,2460088.8189236,4.9858220411333605,,P60,SEDM,SEDmRobot,,TNS,Y,TNS,,SN2023hxp_2023-05-24_07-39-15_P60_SEDM_TNS.ascii,,Object,,,Air,Angstrom,1.0,erg cm(-2) sec(-1) Ang(-1),,2250.0,,,,,,,,3776.7,9223.3,25.451401869159,,,[TNS source group:  48 - ZTF ],TNS_Bot1,2023-05-24 21:05:06,60088.31892360002,60083.333101558885,18.88025229940191,ZTF_g,0
23336.0,SN 2023ijh,"ATLAS23lqg, ZTF23aajpxbm",5.1741061,25.2295499,SN Ic,0.0356,77313.0,2023-05-29 10:31:03.00,2460093.9382292,0.7998116537783062,,P60,SEDM,SEDmRobot,,TNS,Y,TNS,,SN2023ijh_2023-05-29_10-31-03_P60_SEDM_TNS.ascii,,Object,,,Air,Angstrom,1.0,erg cm(-2) sec(-1) Ang(-1),,2250.0,,,,,,,,3776.7,9223.3,25.451401869159,,,[TNS source group:  48 - ZTF ],TNS_Bot1,2023-05-30 19:05:05,60093.438229199965,60092.638417546186,18.19112140375552,ZTF_r,0
23486.0,SN 2023lya,"ATLAS23nai, ZTF23aapuknd, PS23fcr",262.2219331,58.3782278,SN Ibn,0.03,77911.0,2023-08-03 07:29:09.00,2460159.8119097,31.97975327723543,,P60,SEDM,SEDmRobot,auto,TNS,Y,TNS,,SN2023lya_2023-08-03_07-29-09_P60_SEDM_TNS.ascii,,Object,,,Air,Angstrom,1.0,erg cm(-2) sec(-1) Ang(-1),,2250.0,,,,,,,,3776.7,9223.3,25.451401869159,,,[TNS source group:  48 - ZTF ],TNS_Bot1,2023-08-05 14:05:06,60159.31190969981,60127.33215642258,17.2354215294678,ZTF_g,0
23851.0,SN 2023psq,"ZTF23aazjwtl, ATLAS23rjk",268.580536,64.2256052,SN IIb,0.035,78234.0,2023-09-14 06:26:50.00,2460201.7686343,6.783167551373481,,P60,SEDM,SEDmRobot,,TNS,Y,TNS,,SN2023psq_2023-09-14_06-26-50_P60_SEDM_TNS.ascii,,Object,,,Air,Angstrom,1.0,erg cm(-2) sec(-1) Ang(-1),,2250.0,,,,,,,,3776.7,9223.3,25.451401869159,,,[TNS source group:  48 - ZTF ],TNS_Bot1,2023-09-14 23:05:07,60201.26863430021,60194.48546674884,18.890365862883687,ZTF_g,1
24041.0,SN 2023qnh,"ATLAS23rxj, ZTF23aazuzip, PS23hfz",256.043072869,6.77279947109,SN Ib,0.0339200012,78562.0,2023-09-19 04:56:45.00,2460206.7060764,15.593942720610357,,P60,SEDM,SEDmRobot,,TNS,Y,TNS,,SN2023qnh_2023-09-19_04-56-45_P60_SEDM_TNS.ascii,,Object,,,Air,Angstrom,1.0,erg cm(-2) sec(-1) Ang(-1),,2250.0,,,,,,,,3776.7,9223.3,25.451401869159,,,[TNS source group:  48 - ZTF ],TNS_Bot1,2023-10-06 13:05:09,60206.20607639989,60190.61213367928,18.784468691363,ZTF_g,0
23937.0,SN 2023rti,"ATLAS23set, ZTF23abbpswf",295.8454006,41.9404076,SN Ib,0.017646,78342.0,2023-09-25 07:02:00.00,2460212.7930556,10.760057842664537,,P60,SEDM,SEDmRobot,auto,TNS,Y,TNS,,SN2023rti_2023-09-25_07-02-00_P60_SEDM_TNS.ascii,,Object,,,Air,Angstrom,1.0,erg cm(-2) sec(-1) Ang(-1),,2250.0,,,,,,,,3776.7,9223.3,25.451401869159,,,[TNS source group:  48 - ZTF ],TNS_Bot1,2023-09-25 08:05:07,60212.29305560002,60201.53299775736,17.825050659440457,ZTF_g,0
24071.0,SN 2023usf,"PSP23K, ZTF23abhyxpr, Gaia23cwx, PS23jlt, PSP23L",124.347958,21.694611,SN Ib/c,0.012,78858.0,2023-10-25 08:43:31.00,2460242.8635532,9.723884155588166,,P60,SEDM,SEDmRobot,auto,TNS,Y,TNS,,SN2023usf_2023-10-25_08-43-31_P60_SEDM_TNS.ascii,,Object,,,Air,Angstrom,1.0,erg cm(-2) sec(-1) Ang(-1),,2160.0,,,,,,,,3776.7,9223.3,25.451401869159,,,[TNS source group:  48 - ZTF ],TNS_Bot1,2023-10-27 20:05:06,60242.36355319992,60232.63966904433,17.14829196068953,ZTF_g,0
24163.0,SN 2023uvg,"ATLAS23uii, PS23jnm, ZTF23abjrolk",144.315704261,23.5866698407,SN Ic,0.0251739994,78857.0,2023-10-22 11:49:50.00,2460239.9929398,6.177083315611526,,P60,SEDM,SEDmRobot,auto,TNS,Y,TNS,,SN2023uvg_2023-10-22_11-49-50_P60_SEDM_TNS.ascii,,Object,,,Air,Angstrom,1.0,erg cm(-2) sec(-1) Ang(-1),,2250.0,,,,,,,,3776.7,9223.3,25.451401869159,,,[TNS source group:  48 - ZTF ],TNS_Bot1,2023-10-27 20:05:06,60239.492939800024,60233.31585648441,18.580125554441764,ZTF_g,0
22559.0,SN 2023wf,"ZTF23aaaprhz, ATLAS23awt",162.2400642,-4.7543559,SN IIb,0.026452,68934.0,2023-01-24 12:28:13.00,2459969.0195949,-5.473890980050783,,P60,SEDM,SEDmRobot,,TNS,Y,TNS,,SN2023wf_2023-01-24_12-28-13_P60_SEDM_TNS.ascii,,Object,,,Air,Angstrom,1.0,erg cm(-2) sec(-1) Ang(-1),,2250.0,,,,,,,,3776.7,9223.3,25.451401869159,,,[TNS source group:  48 - ZTF ],TNS_Bot1,2023-01-30 20:05:06,59968.519594899844,59973.993485879895,18.101329357307332,ZTF_r,0
27079.0,SN 2024abmk,,176.319088209,48.6284037565,SN Ic,0.04095,84893.0,2024-12-12 11:37:47.00,2460656.9845718,8.840698431078636,,P60,SEDM,SEDmRobot,,TNS,Y,TNS,,SN2024abmk_2024-12-12_11-37-47_P60_SEDM_TNS.ascii,,Object,,,Air,Angstrom,1.0,erg cm(-2) sec(-1) Ang(-1),,2700.0,,,,,,,,3776.7,9223.3,25.451401869159,,,[TNS source group:  48 - ZTF ],TNS_Bot1,2024-12-24 17:18:57,60656.4845718001,60647.64387336902,19.088402454978787,ZTF_g,0
26996.0,SN 2024abtu,,108.451120711,50.2575809094,SN Ic,0.017682,84795.0,2024-11-25 06:08:24.00,2460639.7558333,-10.090416700113565,,P60,SEDM,SEDmRobot,,TNS,Y,TNS,,SN2024abtu_2024-11-25_06-08-24_P60_SEDM_TNS.ascii,,Object,,,Air,Angstrom,1.0,erg cm(-2) sec(-1) Ang(-1),,2700.0,,,,,,,,3776.7,9223.3,25.451401869159,,,[TNS source group:  48 - ZTF ],TNS_Bot1,2024-12-24 17:18:57,60639.25583329983,60649.346249999944,17.680277657236918,ZTF_g,0
27196.0,SN 2024afao,"ATLAS24rws, ZTF24abzmhtv",44.5059377,41.7139992,SN Ic,0.05,85054.0,2025-01-01 05:22:23.00,2460676.7238773,-7.1339983857105835,,P60,SEDM,SEDmRobot,,TNS,Y,TNS,,SN2024afao_2025-01-01_05-22-23_P60_SEDM_TNS.ascii,,Object,,,Air,Angstrom,1.0,erg cm(-2) sec(-1) Ang(-1),,2700.0,,,,,,,,3776.7,9223.3,25.451401869159,,,[TNS reporting group:  48 - ZTF ],TNS_Bot1,2025-01-03 06:10:05,60676.22387730004,60683.35787568575,18.691380264855106,ZTF_g,0
27192.0,SN 2024afbf,"ZTF24abzgggz, ATLAS24rxe",170.4473235,46.1284498,SN Ic,0.03,85050.0,2025-01-02 09:29:51.00,2460677.8957292,2.1262085294292774,,P60,SEDM,SEDmRobot,,TNS,Y,TNS,,SN2024afbf_2025-01-02_09-29-51_P60_SEDM_TNS.ascii,,Object,,,Air,Angstrom,1.0,erg cm(-2) sec(-1) Ang(-1),,2700.0,,,,,,,,3776.7,9223.3,25.451401869159,,,[TNS reporting group:  48 - ZTF ],TNS_Bot1,2025-01-03 06:10:05,60677.39572919998,60675.269520670554,19.45777320905705,ZTF_g,0
25944.0,SN 2024rbc,"GOTO24elc, ATLAS24mky, ZTF24aaymkrs",3.0893591,31.063391825,SN Ib,0.016,83170.0,2024-08-13 08:56:16.00,2460535.8724074,-1.9322475356821087,,P60,SEDM,SEDmRobot,auto,TNS,Y,TNS,,SN2024rbc_2024-08-13_08-56-16_P60_SEDM_TNS.ascii,,Object,,,Air,Angstrom,1.0,erg cm(-2) sec(-1) Ang(-1),,2700.0,,,,,,,,3776.7,9223.3,25.451401869159,,,[TNS source group:  48 - ZTF ],TNS_Bot1,2024-08-13 10:10:04,60535.37240740005,60537.30465493573,17.396462949372363,ZTF_g,0
26960.0,SN 2024zsw,,20.793617,19.570172,SN IIb,0.032286,84756.0,2024-11-18 03:41:26.00,2460632.6537731,-0.38856797582411673,,P60,SEDM,SEDmRobot,auto,TNS,Y,TNS,,SN2024zsw_2024-11-18_03-41-26_P60_SEDM_TNS.ascii,,Object,,,Air,Angstrom,1.0,erg cm(-2) sec(-1) Ang(-1),,2700.0,,,,,,,,3776.7,9223.3,25.451401869159,,,[TNS source group:  48 - ZTF ],TNS_Bot1,2024-12-24 17:18:57,60632.153773100115,60632.54234107594,19.196813783437747,ZTF_g,1
26941.0,SN 2024zzy,,150.7220016,8.4379423,SN Ib,0.030487,84730.0,2024-11-09 09:44:17.00,2460623.9057523,-1.0625576901657041,,P60,SEDM,SEDmRobot,,TNS,Y,TNS,,SN2024zzy_2024-11-09_09-44-17_P60_SEDM_TNS.ascii,,Object,,,Air,Angstrom,1.0,erg cm(-2) sec(-1) Ang(-1),,2700.0,,,,,,,,3776.7,9223.3,25.451401869159,,,[TNS source group:  48 - ZTF ],TNS_Bot1,2024-12-24 17:18:57,60623.40575229982,60624.468309989985,17.89279525549915,ZTF_r,0
27512.0,SN 2025aot,"PS25px, GOTO25zj, ATLAS25bfc, BGEM J100713.34+025411.0, ZTF25aadnogd",151.80569539,2.9031169885,SN Ic,0.02183,85646.0,2025-02-16 04:45:41.00,2460722.6983912,-1.2366941085638246,,P60,SEDM,SEDmRobot,auto,TNS,Y,TNS,,SN2025aot_2025-02-16_04-45-41_P60_SEDM_TNS.ascii,,Object,,,Air,Angstrom,1.0,erg cm(-2) sec(-1) Ang(-1),,2700.0,,,,,,,,3776.7,9223.3,25.451401869159,,,[TNS reporting group:  48 - ZTF ],TNS_Bot1,2025-02-16 08:10:05,60722.19839120004,60723.43508530861,18.30700095598644,ZTF_g,1
