58524.47253469983,22.97940308783866,1.207526459964777,R
58534.26518520014,20.397328287278498,0.6168095239893471,g
58534.28450229997,20.991952428084,0.9486593157278329,g
58538.28385420004,20.884993419994373,0.737249529836157,g
58538.304513900075,21.30765251192344,0.8648592408867926,g
58538.32427080022,22.347964281212143,1.6590960089036928,g
58539.237719899975,21.646483862738815,0.5521437714835995,g
58539.28391199978,21.77491528546446,0.9881754257593564,g
58539.340138900094,21.981692766741006,1.5777684599828157,R
58540.29422450019,20.65443435460464,0.21031173189880192,R
58540.328229200095,20.54804106663226,0.15806721952698824,R
58540.3480440001,20.548751266960597,0.1228097482089394,R
58540.34896990005,20.6184374490919,0.11924597278286483,R
58540.362719899975,21.082682521894306,0.18789450669093974,g
58540.36833330011,21.016579791878065,0.191609333699303,g
58540.38030089997,21.557330091497022,0.3734419133694797,g
58540.40105320001,20.91391846061296,0.21716525207289777,g
58543.25572919985,19.853151042865505,0.17160206222724314,R
58543.284826400224,20.623044524881273,0.3146725486405548,g
58543.30680559995,20.78055262608491,0.24143956803514302,g
58543.32174770022,21.152895588603634,0.7583196154305396,ZTF_i
58543.34809029987,20.03889591793588,0.1491912140632555,R
58543.35045140004,20.223293199925205,0.1319733062866729,R
58543.35135419993,20.044883892295573,0.09117562136978032,R
58543.365046299994,19.975634200263883,0.11020156837768855,R
58546.25704859989,19.66226853934338,0.20366699474938965,g
58546.26131939981,19.800638274269918,0.09247693135439158,g
58546.26223379979,19.806028665943124,0.0961401677266265,g
58546.2771528,19.875166047584802,0.08664244766897641,g
58547.32026620023,19.64944697390517,0.08163934947472344,g
58547.4276389,19.742263130225194,0.11490798883016635,ZTF_i
58556.41002310021,19.270127253003523,0.11875207825702587,ZTF_i
58557.3646296002,18.746476032722597,0.04709602078701832,R
58557.365590299945,18.826067525356777,0.04678849473801461,R
58557.386713000014,18.96451523460869,0.11308003126832092,R
58557.39988429984,18.866195174985293,0.06898706535463175,R
58558.210196800064,19.597379873926446,0.15150272642987322,R
58558.29237269983,18.822857869753356,0.05972730457255854,R
58558.311550899874,19.090691544581514,0.1001395615920175,ZTF_i
58558.32232639985,18.720316575007246,0.05064055512288574,R
58558.346446800046,18.75640995423231,0.047305336100141565,R
58558.34734949982,18.82654613633851,0.05327210796647245,R
58558.38865739992,18.921209241155044,0.06340991387935115,g
58558.412199100014,18.902322528687556,0.05025938477780178,g
58558.41449069977,18.973087031438244,0.05174636440276157,g
58558.42842590017,18.910662764841383,0.045736617876944316,g
58559.24128470011,18.72828273188329,0.04498916785736797,R
58559.258287000004,18.821694040019683,0.05521542611884819,R
58559.27603009995,18.738716347367,0.05726292878376016,R
58559.27839120012,18.842362477547475,0.0560497585805607,R
58559.280254600104,18.727516806181114,0.054153973147914765,R
58559.32559029991,18.896657334764328,0.06317989996937728,g
58559.3264930998,18.880949332070784,0.05982889803781013,g
58559.327395800035,18.872644162815707,0.058878863168276285,g
58559.341874999925,18.94600267090062,0.06346767434623607,g
58560.21528939996,18.904469457025343,0.08190747885818442,g
58560.2448148001,18.772342125552417,0.06456441696313954,g
58560.24913189979,18.92361221985989,0.08157761783687163,g
58560.276979200076,18.78100537939976,0.06544242128659178,g
58560.331446799915,18.727014082351438,0.049982088437107774,R
58560.33234950015,18.730639486780433,0.051391817749831696,R
58560.347986099776,18.777859244910317,0.0541175230932177,R
58560.364976900164,18.68613393604315,0.049982490720185416,R
58561.18197919987,18.812002439065715,0.0876399987710706,R
58561.281979199965,18.84282312903548,0.092481839334535,g
58561.3000115999,19.016158278307202,0.1114375627409273,g
58561.30091439979,18.807913408422092,0.0932164556040463,g
58561.33326390013,18.825929438044298,0.08319367770686308,g
58561.369641200174,18.74597843262701,0.08055110849496838,R
58561.449201399926,19.20739176217899,0.22106623776912487,ZTF_i
58562.25648149988,18.89030624616839,0.134462035111929,g
58562.31158560002,18.92890261109295,0.1764836822546313,g
58562.35130790016,18.727096756980742,0.11160647133648785,R
58567.225208300166,18.535479129373716,0.026517886990891696,R
58567.24634259986,18.57240117278493,0.025484761456077115,R
58567.26508100005,19.016104658465743,0.047093310202343044,g
58567.26688659983,18.829823670604295,0.03942380177152215,g
58567.28484949982,18.82875143365485,0.04541599348656101,g
58567.304212999996,18.935880700746072,0.061627744454135235,g
58567.325659700204,18.711863174572038,0.044300226624560374,R
58567.32663189992,18.61738699807258,0.0412805719161285,R
58567.328020799905,18.64930165370825,0.0429656063166717,R
58567.346770800184,18.929332651984875,0.07599527130141054,ZTF_i
58567.49126160005,19.18988575626988,0.09291283925302297,g
58568.21995369997,18.750130992252362,0.03449345797565159,g
58568.24716439983,18.818214974196497,0.03319469328820921,g
58568.25893520005,18.828084486839117,0.034867485848394233,g
58568.25982639985,18.93554264633424,0.03561624602076987,g
58568.28821759997,18.592688017084786,0.03054906689615452,R
58568.28912039986,18.595581931843014,0.029178917308066828,R
58568.32706019981,18.56916286043917,0.21091604269272812,R
58569.374849500135,18.471081178316012,0.03948370149531381,R
58572.24435190018,18.612868262607265,0.0687393971558981,ZTF_i
58572.267476900015,18.614470143992254,0.04150705846975559,g
58572.26837959979,18.680981521556774,0.04268601755798198,g
58572.26928240014,18.74669875984002,0.03894308293378548,g
58572.2827198999,18.438151250961663,0.03751242456016855,R
58572.28362269979,18.421049798694916,0.035302105152676996,R
58572.284525500145,18.459509063114854,0.03494239757756434,R
58572.30613429984,18.454678326795204,0.045606064931517025,R
58572.32628470007,18.63026701448198,0.04032586814508561,g
58572.35393519979,18.646898379888864,0.051096035660777195,g
58573.24804400001,18.47905901772225,0.03125727191462103,R
58573.26414350001,18.601987593787417,0.03967866986035197,R
58573.280451400205,18.53500648391887,0.0327119724403608,R
58573.281365700066,18.480065676975556,0.03545302968134874,R
58573.30195599981,18.74265615418461,0.0371099524879263,g
58573.30285880016,18.73089935379204,0.036561724592277814,g
58573.330000000075,18.695123527924054,0.03329307619578804,g
58573.368541699834,18.727846573663456,0.033305203806448816,g
58574.34109950019,18.643948464024476,0.06806446854639354,g
58574.34289349988,18.576905151632225,0.07221892514903339,g
58574.374849500135,18.586932349637923,0.03015289227341823,g
58574.38719910011,18.53701186600367,0.03413858603328022,g
58575.22402779991,18.242449184630175,0.04494915687549476,R
58575.23800930008,18.250564640613646,0.11436193952172945,R
58575.24409720022,18.211913943908304,0.09029406939989264,R
58575.24681709986,18.332132864432133,0.04952554481485331,R
58575.28225689987,18.592853874549533,0.023770190450089528,g
58575.283148100134,18.544347341784217,0.0227322421635518,g
58575.28406250011,18.60991535475725,0.023104768248682787,g
58575.310324099846,18.62300434249064,0.025199841567110963,g
58575.3258795999,18.602159661690852,0.023526584393441647,g
58575.36530089984,18.272394381596907,0.14770772205239097,R
58580.2380903,18.513458297315974,0.025394257519490687,g
58580.24804400001,18.801480756712152,0.028255540474290696,g
58580.26829859987,18.542685601429902,0.024093078061797467,g
58580.269201400224,18.492024837720198,0.023035715675875618,g
58580.27010420011,18.50107841388069,0.025383315071266052,g
58580.29030090012,18.303303109421726,0.02218641448403225,R
58580.291203700006,18.31454675350767,0.02151554113684221,R
58580.292106499895,18.267313634358963,0.02230591745615783,R
58580.32001159992,18.366187651627136,0.03086311419886744,R
58580.33499999996,18.304344165442664,0.02945908541253871,R
58581.22486109985,18.46864976884549,0.02383659456753736,g
58581.225763900205,18.426118646232695,0.023774080878252713,g
58581.24685190013,18.439062721190762,0.02582489645968446,R
58581.2626852002,18.36138740742986,0.027535494785860776,R
58581.26358800009,18.45680424808348,0.028531694990024132,R
58581.285370400175,18.38551354717689,0.03924982752090853,ZTF_i
58581.36575229978,18.26908240755165,0.04015024159633691,R
58582.20864580013,18.60991124291096,0.027991033029410726,R
58582.23927079979,18.295299137402836,0.022947551233635254,R
58582.25555559993,18.462562271322202,0.025620555755298462,R
58582.256458300166,18.492751705790095,0.026430914070539654,R
58582.28348380001,18.22793297058098,0.026663740090715597,R
58582.3208912001,18.564480157379467,0.02503926082332364,g
58582.32180560008,18.473346180813373,0.02621706572188899,g
58582.34975690022,18.497437262114403,0.026430695695801868,g
58582.37435190007,18.590776104633722,0.09673818573048036,g
58583.267523100134,18.307393771943307,0.028121290931034767,R
58584.18356479984,18.286441789839195,0.030625482410105112,R
58584.243553199805,18.507829738811562,0.03384959306721931,g
58584.266990699805,18.480513237055153,0.029030830888877538,g
58584.26837959979,18.47230488417096,0.027015059288993677,g
58584.26928240014,18.49730256183189,0.027831541446802555,g
58584.272465299815,18.484560172574675,0.029587410250198534,g
58584.30313660018,18.293851622397067,0.028152939694513712,R
58584.30403940007,18.33609452095177,0.0276778318532918,R
58584.30494209984,18.277853394143083,0.026845511098723986,R
58584.321562500205,18.317067373037716,0.027540058708677977,R
58585.21642359998,18.428473909435656,0.027885351574043944,g
58585.2390509001,18.29193532361954,0.03721931205600939,ZTF_i
58585.261504599825,18.470986900909335,0.027182932879058076,g
58585.26240740018,18.503480317668206,0.02734948518827925,g
58585.285775499884,18.476460888019712,0.027868544377999554,g
58585.30642359983,18.255033903031606,0.022867913031140837,R
58585.31918979995,18.279087258598075,0.02543745742416273,R
58585.32148149982,18.285784558555626,0.025598567811992337,R
58586.1791087999,18.432995704833885,0.03806520486139618,g
58586.19474539999,18.204396621705655,0.026613844774927644,R
58586.22818290023,18.25894030758323,0.030764467181815684,R
58586.23908559978,18.16496106559962,0.02657470379861585,R
58586.240046299994,18.208677239127695,0.02909855055538505,R
58586.26910880022,18.46192768185966,0.036928633371854244,g
58586.280856499914,18.513602305100278,0.03505234837658451,g
58587.22026620014,18.433262704490176,0.0387406026102945,g
58587.22777780006,18.706812483793136,0.039746283067124064,g
58587.244618100114,18.54516911194514,0.04532977965852413,g
58587.26349540008,18.16881118143939,0.045139866793720555,R
58587.264398099855,18.24079498374517,0.03703554058832686,R
58587.26530090021,18.15473361327745,0.04983659220794312,R
58587.28218750004,18.246672719274798,0.034190002959432274,R
58587.29600689979,18.314051562327585,0.04546236605727494,R
58587.32651619986,18.4977263891558,0.037950743594984994,g
58587.32741900021,18.461765622644812,0.03863378460020536,g
58587.3283218001,18.56154684130724,0.038152830985275624,g
58588.27653940022,17.64844018567156,0.2595280393128744,g
58588.29681710014,18.73157649395772,0.141733278295839,g
58588.29771990003,18.645751956241405,0.06850805818797515,g
58588.3439468001,18.225845746876207,0.04243132029308203,R
58588.36685189977,18.049713781993514,0.04610231101880509,R
58589.13504630001,18.64973122748397,0.20668561555816303,g
58589.13600690011,18.8124288927557,0.26579929318145146,g
58589.15392359998,18.655964190350552,0.10020496178972627,g
58589.19996530004,18.234149565692707,0.1197675791120354,R
58589.212164400145,17.978256331567902,0.08336107930478312,R
58589.26500000013,18.348686492809758,0.05997293193727406,R
58591.179837999865,18.518827401412,0.059888387469900675,g
58591.19481479982,18.526924354202837,0.05898951383556757,g
58591.20015050005,18.511781651032504,0.06267069340274069,g
58591.201053199824,18.502284086281286,0.0578480774299086,g
58591.21814810019,18.561476470283132,0.06473639647401946,g
58591.27894680016,18.14428914169197,0.09799937011719714,ZTF_i
58591.350463000126,18.23326683999202,0.056798451291069155,R
58591.36171300011,18.443675405074536,0.12065270393274322,R
58591.36921299994,18.202534453478282,0.046560999348932874,R
58591.37017360004,18.188887092183403,0.04939034411014482,R
58591.41436340008,18.248838714318403,0.059335277422570956,R
58592.1638656999,18.504557622099895,0.05959418107029269,g
58592.181064799894,18.511075152767987,0.0646289453622131,g
58592.19853009982,18.49910444843156,0.06221940403200854,g
58592.199432900175,18.46446290506242,0.06271019201669238,g
58592.24016200006,18.258286228802135,0.04128742471371048,R
58592.26295140013,18.247423522705915,0.04202282916806622,R
58592.26385420002,18.296700358644127,0.04315096214161056,R
58592.2740162001,18.258083329010603,0.04395816905976212,R
58592.28862270014,18.609547441638664,0.05541263459812009,R
58593.258333299775,18.20690316727646,0.037854888725662145,R
58593.26296300022,18.699020687961248,0.05091567775786317,R
58593.27150460007,18.295942926999622,0.04443510886466762,R
58594.20628469996,18.5395130748529,0.047382728142797426,g
58594.20726849977,18.590481404555533,0.054016171474042377,g
58594.20822919998,18.68830342509144,0.05846228434120754,g
58594.21854169993,18.566997781656827,0.04710387419986406,g
58594.2451272998,18.536737570327208,0.05128786605482813,g
58594.321678199805,18.353688676831784,0.049056804230760365,R
58594.34428239986,18.345674927955365,0.06012614619949257,R
58594.34778939979,18.272524255439905,0.05236209573619905,R
58594.34869210003,18.318021849233233,0.05931667332661513,R
58596.184803199954,18.632653907085942,0.030146004074568283,g
58596.20144680003,18.610096916558728,0.030662153053434078,g
58596.2033218001,18.584652894605078,0.03027922379471235,g
58596.221319399774,18.635185182587243,0.031200962992484385,g
58596.2652431,18.316143596157,0.03148882485852378,R
58596.2662037001,18.29880219166899,0.028168966791454437,R
58596.284571799915,18.430564409928103,0.03134008631844184,R
58596.339513900224,18.365518020088683,0.048255405743483935,ZTF_i
58597.26353010023,18.674193516692593,0.03147293307425366,g
58597.26443290012,18.61518100581656,0.03047025898466859,g
58597.265393500216,18.702646530739237,0.032126420958797294,g
58597.27858800022,18.658389701631876,0.03306274273158049,g
58597.3119907002,18.613014219275733,0.031815329864851596,g
58597.322534699924,18.275234829872247,0.025992944124484066,R
58597.341828700155,18.3644414485126,0.027689491402162758,R
58597.34281249996,18.251659779008527,0.026849618816198167,R
58597.34371529985,18.247638219718464,0.027900864626378457,R
58597.36543980008,18.26713286406418,0.029026327701049324,R
58598.23910879996,18.647119879876264,0.02507712536756256,g
58598.26925930008,18.65515731541461,0.023520616505874278,g
58598.27106480021,18.813108736163112,0.02980789895615452,g
58598.289814800024,18.601203691388797,0.022656934056415147,g
58598.30252309982,18.25467523296174,0.021147000792598562,R
58598.32122689998,18.303565483558657,0.021510069308392315,R
58599.2025462999,18.569316148815226,0.031560787666104886,g
58599.34207180003,18.743495732466435,0.017374705077671478,g
58600.195208299905,18.711601585514273,0.029645382558116173,g
58600.196111099795,18.67963395829426,0.026609521545010787,g
58600.19701390015,18.70712934586181,0.026470640430620765,g
58600.228356500156,18.66387506788707,0.028134710442768135,g
58600.310011600144,18.380309494243832,0.022290986804716913,R
58601.242905099876,18.72654025271198,0.02571792536647507,g
58601.2808333002,18.362620743038477,0.02165978202319913,R
58602.22020829981,18.495214358178494,0.06148987814159523,g
58602.279027800076,18.359073988854945,0.031600410011823336,R
58605.21924770018,18.75366508534919,0.026269522870863652,g
58605.39118060004,18.26752895383987,0.04169400777148223,R
58606.181898099836,18.353725519355528,0.02792434288878899,R
58606.19180560019,18.350852497832786,0.02312772208337793,R
58606.19361109985,18.38965756540898,0.022284234848267234,R
58606.238911999855,18.77394782051096,0.03388309191457654,R
58606.38774310006,18.78860370188754,0.03434987998555841,g
58606.388761600014,18.764787988654373,0.03529755457450752,g
58606.38978009997,18.68172695348899,0.03338615922082689,g
58606.40781249991,18.72260773330655,0.03245042171766658,g
58606.42908560019,18.77997184812151,0.038906659242268805,g
58607.23667819984,18.37302319403353,0.027418253659453086,R
58607.267546299845,18.362061185362077,0.034007294544944965,ZTF_i
58607.304513900075,18.705514708591732,0.027163425394789387,g
58608.19505790016,18.73028868062532,0.029651101866241435,g
58608.22865739977,18.365800927992055,0.025244996445020814,R
58608.24421299994,18.64862251996793,0.030907134096650652,R
58608.25881939987,18.413346979672028,0.029662271351109035,R
58608.31104170019,18.845069966512433,0.038670596223329405,g
58608.31277780002,18.78780460020802,0.037168795838224106,g
58609.20339119993,18.84739932227506,0.03463856279012517,g
58609.20429399982,18.799944385049777,0.03185200083307827,g
58609.205196800176,18.802782731579384,0.030078414832350676,g
58609.21937499987,18.85419447758973,0.03134623254966654,g
58612.181585600134,18.859335884096787,0.02984016860463183,g
58612.18248840002,18.880716908580542,0.030052925323405612,g
58612.206469899975,18.4461515626339,0.02563088833129561,R
58612.216053199954,18.473345149481815,0.024191535052659523,R
58612.216955999844,18.447984714505107,0.023128922265714693,R
58612.21876160009,18.526595099775335,0.02667043843474511,R
58612.262905099895,18.83187314392579,0.026304379696537997,g
58612.289189800154,18.863048062544188,0.02863446326067497,g
58612.310902799945,18.897037786630413,0.02759844914483866,g
58616.17681710003,18.448998292016626,0.04058953886529425,R
58616.179282399826,18.40342127063148,0.04335272521094314,R
58616.200069400016,18.407448559047538,0.044566017817665275,ZTF_i
58616.2479514,18.82439699561796,0.05908919416529407,g
58616.25,18.809514291071167,0.05819666157737442,g
58617.20585650019,18.785502240663053,0.05655290448634514,g
58617.244664399885,18.407994206902686,0.033994068183337375,R
58618.20388890011,18.980786079822845,0.053084303675710744,R
58619.19770829985,18.490806147974265,0.10134880298071595,R
58619.22348379996,18.864858260961064,0.10673916441321295,g
58619.240289399866,19.014265553683757,0.12026266472404935,g
58619.24306710018,19.08770200999045,0.1507003816586153,g
58619.24487269996,18.922304314242552,0.11975521816880524,g
58619.25464119995,18.927833431125084,0.10267958424595185,g
58622.1652199002,19.368387726759934,0.26310713322507884,g
58622.16612270009,18.983306866327798,0.20280481666349534,g
58628.2014583,18.990612548329693,0.035241590958557244,g
58628.20423609996,18.966173894480555,0.0367854920103141,g
58628.324224499986,18.673961449919403,0.04320445823562329,R
58632.18293979997,18.68722363330349,0.04716309088745546,R
58632.192268500105,18.964872913064465,0.037705398705638035,g
58633.19332179986,18.620822230539503,0.031062200936894446,R
58633.1942245001,18.60845999083806,0.028078641656563985,R
58633.234849500004,18.954566177626162,0.03610266626111508,g
58633.23878470017,18.971251968657107,0.03667474050848158,g
58634.1975579001,19.014364989446847,0.03569828781773377,g
58634.26621530019,18.541155143938816,0.029593183248368692,R
58635.17218750017,18.61628863885391,0.046460735910727746,ZTF_i
58635.2035416998,18.993480313974956,0.03180415327819435,g
58635.24357639998,18.642591022633827,0.02789177934046242,R
58636.26297450019,18.990397935526854,0.03344119265270906,g
58636.264374999795,19.008888290716907,0.035118552034957416,g
58637.17026619986,18.598408891123533,0.02992373419569367,R
58637.244108799845,19.053450617153448,0.03729733314563597,g
58639.18740739999,18.75301975133368,0.03203947586103199,R
58639.19708329998,18.657592406316105,0.0432553300271804,ZTF_i
58639.21842590021,19.022508226980147,0.035066209641143826,g
58642.173472200055,19.096391564558676,0.05621486518222204,g
58642.21965279989,18.779818293510118,0.03386998456262707,R
58643.22250000015,18.65316365530245,0.05434029447069318,ZTF_i
58645.20875000022,19.037136244941607,0.06435101639377966,g
58648.18002310023,19.1688284628006,0.1036608798550188,g
58648.20542819984,18.767166839666725,0.0707651945765568,R
58648.284895800054,18.80477454043597,0.0909654445467803,ZTF_i
58651.195439800154,19.09265614576141,0.12127095799551703,g
58651.24016200006,18.952266083245302,0.08826938219377978,R
58652.246088000014,18.915362596985638,0.10145381098980018,ZTF_i
58654.1981366002,19.02066451214607,0.04246535937146951,R
58654.28591440013,19.39735630784984,0.15842514256320242,g
58658.19874999998,19.361916947779598,0.04865964573926989,g
58661.20489579998,19.125915378548434,0.05634949437496872,R
58661.22031249991,19.49116479286903,0.06958876602901676,g
58667.20466439985,19.55377258197932,0.06629484743210322,g
58667.22452550009,19.297736047745552,0.0653714682291741,R
58670.180092600174,19.276186512449385,0.09327943205804688,R
58670.2026157002,19.623420466218843,0.09323839482650191,g
58673.182743099984,19.52653272341656,0.0926868935154806,g
58673.20399310021,19.48560229934155,0.07263955481035239,R
58676.182812499814,19.622170343639993,0.12875360005315115,g
58676.19834489981,19.442849856287978,0.10042163613053892,R
58677.17973379977,19.52455676476458,0.11601392602689053,g
58677.198958300054,19.479202761971834,0.10529004038528451,R
58679.18219910003,19.716960822457192,0.17976040604446483,g
58679.21791670006,19.50532845652453,0.1248415654320765,R
58680.1801967998,19.737870890904468,0.2537155528678978,g
58680.244606500026,19.313727290461735,0.16397537112514046,R
58681.239189799875,19.29628038230072,0.18532169538629986,R
58682.24649310019,19.35528997610432,0.14106307157219383,R
58682.24739579996,19.294881480811213,0.1334867101997828,R
58683.1746991002,19.764709974107568,0.11935553956364929,g
58685.180162000004,19.70566952437501,0.0841583334298221,g
58686.19538189983,19.615176092767424,0.07906201090018956,g
58686.196284700185,19.706604931509684,0.09054901005917569,g
58688.19990740018,19.75675326613056,0.11357311920670178,g
58692.20452550007,19.59705699963054,0.14260395690434033,g
58695.163263900205,20.196828409146242,0.7982314418161112,g
