58481.42700230004,22.484294587828273,1.2988049906956942,R
58495.261099500116,21.19785827232551,0.3621857976993013,g
58502.422615699936,19.188249539340063,0.2157693244948333,R
58505.26240740018,18.537699022174603,0.11906229733964942,R
58505.27526619984,18.3950273645419,0.11113913617160341,R
58505.28784719994,18.34639018430987,0.10122945794854647,R
58505.300497699995,18.227089510105404,0.08727805121033524,R
58505.313298599795,18.335535651253714,0.10118446204192606,R
58505.32688659988,18.27244007351088,0.0812109435701873,R
58505.34085649997,18.223460981362564,0.09120074808737227,R
58505.3546990999,18.270664389174573,0.08793471824821349,R
58505.36777780019,18.324902393336334,0.1223285595332313,R
58505.38078700006,18.256164781174714,0.10398997274281174,R
58506.264305599965,18.21476041664134,0.054494954315787714,R
58506.28061340004,18.168811140605115,0.046978174765281724,R
58506.29658559989,18.074574072457892,0.04862472391132806,R
58506.31277780002,18.175255845846316,0.052290510846149774,R
58506.32993059978,18.15575306632933,0.0574596392194988,R
58506.34753469983,18.0445812236306,0.0440763589467515,R
58506.36516200006,18.041305012698935,0.044967435077201676,R
58506.38163190009,18.235145596726937,0.04994444010179911,R
58506.39784719981,18.19722431367635,0.05200881054945405,R
58506.41399310017,18.195217373555135,0.06742739434176899,R
58507.27914350014,17.956165853538465,0.02389602279372314,R
58508.1927894,18.047595999699084,0.023206151740477528,g
58508.24077549996,17.92677668936559,0.023262526865708486,R
58508.258043999784,17.946805752077132,0.027021468157318606,R
58508.28446759982,18.141500595066535,0.03214218130082756,R
58508.28812499996,17.954732666177406,0.032128013137052554,R
58510.28829859989,17.77024486690523,0.03731005029375966,R
58510.29104170017,17.735163499884436,0.03270549083680822,R
58511.17159719998,18.045510567049845,0.03156417565388126,g
58511.211331000086,17.761161161191808,0.021926086660731106,R
58511.21375000011,17.757559712951963,0.01974717087804692,R
58511.21615740005,17.800457544456442,0.023769724979713976,R
58511.21858800016,17.748457686814476,0.019482898974812913,R
58511.223437500186,17.806652307425047,0.020618098443549674,R
58511.225868099835,17.77089080727047,0.021809503948835362,R
58511.22831019992,17.771006404236307,0.019837003416956885,R
58511.230752300005,17.72344668100118,0.020121208922184622,R
58511.2430786998,17.71237984915993,0.018033085150254802,R
58511.25059030019,17.725656612844922,0.016613957596254544,R
58511.25311340019,17.72713870043897,0.017282797302037817,R
58511.26418979978,17.706007894667586,0.016729765735995585,R
58511.26733799977,17.71496432469909,0.016265137750584628,R
58511.2704977002,17.726002194469203,0.016414218838242626,R
58511.27369209984,17.718095944058383,0.016197750301601237,R
58511.27692130022,17.702447680978416,0.016728531712090572,R
58511.280173600186,17.693242755208065,0.015798664007133378,R
58511.283460599836,17.707582824459628,0.015802613240184782,R
58511.28675930016,17.685198563395275,0.015453050076144533,R
58511.290080999956,17.7014429316908,0.016086674923957406,R
58511.29340279987,17.67461772247224,0.015843479606521868,R
58511.296759299934,17.672665843112718,0.015774808581986207,R
58511.30042820005,17.688973451758258,0.015301439787913915,R
58511.30402779998,17.686426678427214,0.015279769313717027,R
58511.3076272998,17.6919889233187,0.015340310737762944,R
58511.31121530011,17.68521222807658,0.015181193494359188,R
58511.31481479993,17.702831431628567,0.01505075228670865,R
58511.318414399866,17.69741853739321,0.015305344146182365,R
58511.32199069997,17.657839385442582,0.015310061334486898,R
58511.325555600226,17.670262396798893,0.015112014815118742,R
58511.32910879981,17.782785436557937,0.017667428067038866,R
58511.332661999855,17.751493752698714,0.016629759926074298,R
58511.33619209984,17.726320980883195,0.019106963927019823,R
58511.33971060021,17.7503638034412,0.017575736838604892,R
58511.34321760014,17.75455486913143,0.018759481912527638,R
58511.34672449995,17.764807551249852,0.0175591746494664,R
58511.350208300166,17.753739427555523,0.018947802829337175,R
58511.35369209992,17.727202053914176,0.01763102852908646,R
58511.360625000205,17.678432927574512,0.016061782593857838,R
58511.36408559978,17.74592223904723,0.01739761674477053,R
58511.36752310023,17.730962807893743,0.018246786616707214,R
58511.37097219983,17.761141530204437,0.01942339639309171,R
58511.37439810019,17.817434112973654,0.02137521328382092,R
58512.23288189992,17.35644612836951,0.06679396706093617,R
58512.235347200185,17.455547458560183,0.15650023194692703,R
58512.247800900135,17.29778970984387,0.5732940908020792,R
58512.25032409979,17.799511051219863,0.3112236515687468,R
58512.25818290003,17.65959173940093,0.021607739306846206,R
58512.2613309999,17.677095605981158,0.023263030600712283,R
58512.2644675998,17.713562081653848,0.0463022911857132,R
58512.27083329996,18.127138728001068,0.2584237367028008,R
58512.287199100014,18.073604449907066,0.3551487619895938,R
58512.2972569,17.44930324878348,0.07113304505544245,R
58512.30085649993,17.61283065134367,0.26908108665140745,R
58512.304456000216,17.962762786237718,0.20366726072434677,R
58512.31164349988,17.83162528921394,0.11868818386106149,R
58512.315243099816,17.600132564754006,0.06294868819064559,R
58512.31881939992,17.689097368691026,0.035923414947360455,R
58512.322384300176,17.62073475232451,0.12137631217748618,R
58512.325949099846,17.614021048232694,0.0694672740012726,R
58512.329490699805,17.632784937537828,0.13130052034316028,R
58512.33302079979,17.74120034917476,0.0568717987592784,R
58512.357476899866,17.79043981178726,0.2560458557374648,R
58512.36092589982,17.53222686429817,0.18321475508217233,R
58512.36437499989,17.59544130030364,0.17980506130878848,R
58512.36781249987,17.730029335526474,0.23403970674741162,R
58512.37467590021,18.1172809471715,1.1986198354049347,R
58513.36168979993,17.479971660972133,0.03688057887151325,R
58513.3651389,17.66416890865724,0.022236004427151658,R
58513.368564799894,17.549788795554775,0.015259986198294643,R
58513.37199069979,17.596712887161218,0.02202442354267485,R
58513.375405100174,17.736483880487008,0.03879006869891877,R
58514.2120949002,17.644432066715826,0.01754091401294179,R
58514.214513900224,17.62344012940244,0.019779968199714826,R
58514.21694440022,17.668279303503112,0.016708753939506025,R
58514.21937499987,17.61052186326689,0.016256555392834476,R
58514.221817099955,17.59681847755039,0.014817318071377124,R
58514.22425930016,17.633525230193072,0.015792270040051917,R
58514.226712999865,17.662175021161374,0.016842482549654352,R
58514.22917820001,17.620941928580176,0.025094986234607763,R
58514.23412040016,17.614762462365896,0.01908561272217532,R
58514.23660880001,17.618800918110324,0.019692139966250386,R
58514.23910879996,17.586964948809445,0.016147704242603835,R
58514.24162039999,17.632590365115774,0.020821953702763744,R
58514.244131899904,17.652330040302036,0.03301904613292415,R
58514.24666670011,17.63749733768269,0.020718528089373103,R
58514.25619209977,17.616345489949065,0.019067572102295472,R
58514.259340300225,17.6519988866321,0.018479507616676927,R
58514.26570599992,17.587343871758033,0.022879981325013343,R
58514.268923600204,17.662844406325164,0.021640194993797535,R
58514.27217590017,17.651783684674598,0.022441586810840238,R
58514.27546299994,17.532877619953396,0.039253159987751876,R
58514.278773100115,17.623251338151363,0.029282513673619844,R
58514.28208329994,17.658556037820247,0.028590247043243883,R
58514.28876159992,17.693265571643188,0.036316756201377205,R
58514.29230319988,17.653937830755936,0.07343945330939979,R
58514.29589120019,17.619956259203754,0.2570302866928389,R
58514.29949070001,17.60112578764081,0.2239683530647871,R
58514.303090299945,17.63996110103654,0.14090500619716023,R
58514.30668980023,17.568746820256898,0.12050114927164539,R
58514.313865699805,17.468469543611345,0.06494122390155396,R
58514.31743060006,17.540797269837107,0.052071587195895504,R
58514.32097220002,17.596172232886122,0.04447500893439659,R
58514.324513900094,17.615026528247068,0.04396188208743464,R
58514.32805560017,17.622580001622183,0.055543922187353156,R
58514.33508099988,17.623688854486577,0.10615628053118922,R
58514.33858799981,17.682465268036708,0.11396379328475682,R
58514.34207180003,17.477236015415173,0.0639022398758823,R
58514.34902779991,17.740784196697717,0.06034527692806462,R
58514.35248839995,17.364641119426224,0.12679838417547346,R
58514.35594910011,17.648953912907213,0.07218906163995743,R
58514.35939810006,17.6634682818009,0.06994986020251771,R
58514.36626160005,17.612199476808378,0.03094979207433842,R
58514.369687499944,17.652665011762707,0.02339097006007816,R
58523.227534700185,17.936251212246674,0.0271131692545102,R
58523.2358448999,18.691292536646344,0.03293263113244163,g
58526.22689810023,18.05994128431025,0.027882095684540708,R
58526.4006829001,19.293102808753712,0.23278192451156082,g
58534.25225690007,19.5431692639952,0.2949011652297739,g
58538.25495370012,20.33059917869816,0.9081224563527388,g
58540.24392359983,19.123766746495114,0.04763673241111359,R
58543.27105320012,18.99166277911676,0.08899917834833367,R
58547.19128469983,18.873203507563247,0.03631972249075061,R
58547.20714120008,19.449373315506673,0.06578448051230586,R
58547.20804399997,18.895503845841578,0.041270486453228276,R
58556.19028940005,19.06725595997915,0.08663910648798516,R
58561.2113194,20.105589422680502,0.30302379984522654,g
58561.22225689981,20.574600389976354,0.5626869103854929,g
58561.258495400194,20.11377959967772,0.38685357164346135,g
58562.22472220007,20.986170040702305,0.8569735588348962,g
58567.17101849988,20.55666619029973,0.13612309843406234,g
58568.12534719985,19.53555061348029,0.0899960208852204,R
58569.163032399956,20.46071906243497,0.07482730843481139,g
58572.17193289986,21.558383130770856,1.2290860815828517,g
58574.183854199946,19.445766851434424,0.5559361161770621,g
58575.15072919987,20.040572554667648,0.37363252885396636,R
58575.16936339997,21.283790512610707,0.49177043615956056,g
58581.15339120012,19.589896367964773,0.20229879163572026,R
58581.189988399856,20.35470548195014,0.16870762092335198,g
58584.156921300106,19.60205662128107,0.1290383055250795,R
58584.207615700085,20.71395432053955,0.31652391251535317,g
58588.26479170006,20.056885301763387,0.8253020199452247,g
58591.13738430012,19.761128858530515,0.17018908168744817,R
58591.1683565001,20.83765240111274,0.5121943516985836,g
58594.1698264,20.50752538302919,0.21815680552312108,g
58597.227580999956,20.0406529452129,0.06542616821315302,R
58598.192824100144,21.09006914242915,0.254379818871093,g
58601.210763900075,19.97555557198851,0.18188195694147757,R
58601.21109949984,19.944092310536053,0.15719253073824926,R
58607.21578700002,20.893998830392412,0.6509860777443377,R
58607.2161226999,20.315982775991106,0.30496913746529397,R
58608.16670140019,19.851849123394146,0.12561306195057792,R
58608.17249999987,20.588952127207,0.2210153349566187,g
58618.18868059991,20.926841574808456,0.7401594811774181,R
58618.18901620014,19.664573528666836,0.22996950799876537,R
