59193.548252299894,22.503476107065843,1.008674293153503,g
59198.46584489988,21.667195751793304,0.729280156039844,R
59200.5364351999,21.939731514828747,1.0849084532828195,R
59203.49344909983,22.398523569543695,1.4938777764380176,R
59206.5328819002,18.7495224549039,0.6995800934897727,g
59215.472037000116,20.966499237209703,0.6852119221305482,R
59217.46975689987,18.642372563725978,0.04372152818157955,R
59217.50501159998,18.819645577067508,0.09312890364104306,ZTF_i
59217.55335649988,18.573962534528633,0.07172853824878961,g
59219.42425929988,18.10487399259141,0.033341143464294,g
59219.46884260001,18.148704997650427,0.026268187707958097,R
59220.50810190011,18.262289572798238,0.26336876904034123,ZTF_i
59221.48723379988,17.87284170630585,0.01881346897658096,g
59221.53218750004,17.90974679639066,0.027381980140049205,R
59223.49062500009,17.856182482556093,0.02027555708923481,R
59223.53421299998,17.852467457877275,0.01627212899257775,g
59224.46733799996,17.930619173914167,0.05009280162203869,ZTF_i
59225.40778939985,17.87431799201354,0.02721220314050189,R
59227.47277780017,18.247495990033233,0.02303213111933277,g
59227.53451390006,18.013312593318375,0.032695649724417006,ZTF_i
59229.53274310008,18.023987114589076,0.023556230103698644,R
59230.51994210016,18.10753184101121,0.029398272588172226,ZTF_i
59231.479282400105,18.0874393839616,0.01878187238057275,R
59248.452650499996,19.52708376595147,0.07504384283034067,R
59248.477789400145,20.324159120696265,0.13953166039566522,g
59249.472314800136,19.723105360014944,0.2398984471299088,ZTF_i
59250.43137730006,19.680628958044135,0.1119085153219485,R
59250.473020799924,20.424057378210573,0.14711443956127157,g
59252.34175929986,19.469106107099776,0.07949786098281593,ZTF_i
59252.50028940011,20.747153199326814,0.13179141712732123,g
59252.51216439996,19.648118463589487,0.05334133721029219,R
59254.40223379992,19.826927953303223,0.09178771580052586,R
59255.50825229986,19.79153643653235,0.11619857635648817,ZTF_i
59256.45206019981,19.771645182196224,0.06362959751333348,R
59262.38569439994,20.1028474323675,0.21655476129834164,ZTF_i
59263.468576400075,20.03600513389874,0.14243377416154557,R
59263.509953700006,21.14211329107199,0.31674759651838336,g
59265.3454167,20.1472082513719,0.21399412337552184,ZTF_i
59265.369687499944,20.252337369646668,0.11472116200789496,R
59265.435347199906,20.62646816940339,0.16929700708665982,g
59267.368506900035,20.763322425331708,0.34480502401524643,g
59267.43552079983,20.382283960672012,0.18550788183448583,R
59268.402708299924,20.69513152027278,0.30448718553382237,ZTF_i
59269.43269680021,21.129733296962947,0.3601683502682777,g
59271.33052079985,19.845975381051492,0.3252188056705754,ZTF_i
59271.43775459984,20.97332087168106,0.6595693132737531,g
59271.44648149982,20.233849058903893,0.30763017646008906,R
59273.45697919978,20.708976686863682,0.5777543311797791,R
59274.32052080007,20.455366142957956,0.5503477322913312,ZTF_i
59275.30188659998,21.097949486448098,0.5864099199656383,g
59275.3932523001,20.663502762848285,0.27005789301006317,R
59275.39421299985,20.19658459061177,0.17136294174558786,R
59276.43328699982,21.57932349619378,0.588868687352828,g
59278.309479199816,21.348992552591753,0.3407652446650953,g
59278.310555600096,20.996116869452123,0.25858969407275345,g
59278.38509259978,20.245383078948624,0.2570981281926746,ZTF_i
59280.39041669993,21.650751869055913,0.45590794138203733,g
59280.435358799994,20.38306993482164,0.16175932715891672,R
59290.368159700185,20.600050364246314,0.12870966096074343,R
59290.43344909977,21.320230371595997,0.21380400041428785,g
59291.30914349994,21.04878706940424,0.20229089387566573,g
59291.32668979978,20.778079604975886,0.24100175138201618,ZTF_i
59291.36739580007,20.574526588675226,0.1805329064682674,R
59292.32416669978,21.3903060365711,0.2614173163600417,g
59292.36859950004,21.217039786997283,0.2214932423328652,R
59293.26045140019,20.592053965594086,0.13953299225547708,R
59293.26192130009,20.592801531313754,0.18649973675342899,R
59294.261713000014,21.392435120832054,0.5568362775916479,g
59295.246307900175,21.100465508887844,0.45968990430685863,R
59295.30128470017,21.207825537143734,0.4989963101905242,g
59295.36340280017,20.83344219794361,0.38639981159246234,ZTF_i
59296.372233800124,20.934066914534917,0.38049712956057735,R
59297.28248840012,20.847985011412234,0.480768842227438,R
59297.33254629979,22.356469514062454,1.5193918061540066,g
59300.351967600174,21.258370185673485,0.8973781224887183,g
59300.40799769992,21.236499841455526,0.8470494110009723,R
59300.409027799964,20.574087182716063,0.47772348722546276,R
59301.359143500216,20.356080942621965,0.3291314918401147,R
59301.47459489992,20.370610634684787,0.36226824299381505,g
59302.34635420004,21.66789390552662,1.0129350022659873,g
59302.349618100096,21.661507457918738,0.9832326847673728,g
59302.43464120012,20.713816645447057,0.33812798520082205,R
59302.435578700155,21.409715861145433,0.6397431057241066,R
59303.36809029989,22.47814354808182,1.9720615446445469,g
59303.435289400164,21.156600288884913,0.5315706950276233,R
59303.49021989992,22.13754752150447,1.6644110192001813,ZTF_i
59304.262303200085,21.666018227132582,1.003977391756455,g
59304.26326389983,21.680820357637703,1.0458219580482746,g
59306.3198032002,21.440229358066254,0.3674969638823383,g
59306.32074069977,21.813987130915155,0.5251397890577298,g
59306.3891551001,21.089176011056416,0.41570471958025085,ZTF_i
59306.46741899988,21.08267274340479,0.2771058294017696,R
59306.46840280015,20.733564873490664,0.1910047615604913,R
59307.331122700125,21.417122074767832,0.22947169052315095,g
59307.37045140006,21.311116824908595,0.26658943494971765,R
59308.36351849977,21.383725448054967,0.23102504925240305,g
59308.36584489979,21.678382110879785,0.32842254064293486,g
59308.43207179988,21.173085090885145,0.24963218229003492,R
59308.43315970013,21.197583125792228,0.27907713428838715,R
59309.32256940007,21.31075455232574,0.3093817729016345,g
59309.38809029991,21.21456580555038,0.25404638408287483,R
59309.43658560002,20.707937812739065,0.22995587833554154,ZTF_i
59310.40767360013,21.023691682301436,0.1842806182570575,R
59311.24437499978,21.679978925923937,0.4934807989900866,g
59311.303946800064,21.137867869883276,0.25770787034977694,R
59312.32030089991,21.582106472010636,0.2850027972139125,g
59312.32131939987,21.56576258032767,0.3060020511694618,g
59312.36454859981,21.21409042658206,0.5945725335337668,ZTF_i
59312.38763889996,21.190245845379017,0.25702193446313465,R
59312.38865739992,21.254805951817705,0.2766390425343184,R
59314.285416699946,21.02765412309863,0.19989988561110175,R
59314.389050900005,22.157933549902978,0.4901865973465275,g
59315.300416700076,21.24333769492158,0.30778965191045216,g
59315.34440970002,21.430038990870383,0.33718529766841376,R
59316.30026620021,21.263130196057993,0.2274942558301154,R
59316.36421300005,21.712632138900805,0.22500009936730425,g
59319.36751159979,21.834231732497997,0.6302111832153943,R
59319.40723379981,21.52803559806403,0.41035794957192173,g
59322.28587959986,21.07513155348308,0.23637441539557633,R
59322.325625000056,21.208974704816647,0.21933106914825962,g
59323.45585650019,22.288906320508197,1.1425724065382292,ZTF_i
59324.257581000216,20.89298632383457,0.22483833934092373,R
59324.262557900045,21.6064731022594,0.4720630143258115,R
59324.37207179982,22.40888116113831,0.7516412949835035,g
59324.3932523001,22.029340275320262,0.4086875273841619,g
59325.26461810013,21.09209828452299,0.31802691190399096,R
59325.45011569979,21.42077357050844,0.27694577263353226,g
59325.47072920017,21.215756117169132,0.2391046664103728,R
59328.241458300035,21.067465831074667,0.38418625079727825,R
59328.251076399814,21.897555808692694,0.8266244174288812,R
59328.30405090004,21.329429580745256,0.466202208005497,R
59328.33936339989,21.636511985046283,0.7813283351436131,g
59329.24825230008,21.670505622387136,0.925525767682271,R
59329.29800930014,22.326060848482484,1.702815156609692,g
59329.42567129992,22.152273367043897,1.2200485912775896,R
59329.46702549979,21.757146036686024,0.9857379400586882,g
59334.18561339984,21.76740078763677,0.3755402807244325,g
59334.322175899986,21.684319770817357,0.5126628957799759,R
59334.3714815001,22.035884436399126,0.7626434659043003,R
59334.41496529989,21.13920795173611,0.3463385943664029,R
59334.427245399915,20.924084169676885,0.425015731474167,ZTF_i
59335.267210599966,21.56238059863672,0.3459198603970809,g
59335.38394680014,21.264451506844708,0.7964524476545951,R
59335.45307870023,21.061356693435677,0.3403045880623504,g
59336.26679399982,21.676296597749136,0.34022608144141114,g
59336.32868060004,21.823182492749787,0.32958869182524586,R
59336.34776620008,22.072688362449608,0.4938435492447168,R
59336.38234949997,21.745795479768084,0.46066675661907497,R
59336.42048610002,21.628390328246482,0.46896530261687974,g
59337.40017359983,22.267618163140604,1.0028253059980698,g
59337.476736099925,21.75372727796082,0.6995141215647157,R
59338.28215279989,21.193034616999533,0.23911119656723562,R
59338.40542820003,22.450468544690153,0.7675431241049434,g
59338.43263889989,22.90748485188479,1.23885771620116,g
59338.46439810004,21.109947217295165,0.2503787223587872,R
59339.24016200006,23.01450576763327,1.1474817878771637,g
59339.30188659998,21.75300059630976,0.34787839063273285,R
59339.34846059978,22.561481551154035,0.7598991227525774,R
59339.37010420021,23.37944682899912,1.5150628415758278,g
59340.31126159988,21.59992584699782,0.3170515087009696,R
59340.34611110017,22.09174511996886,0.4558710096779849,g
59340.38422450004,22.354015721354013,0.542791130893024,g
59340.403553199954,21.889013080257783,0.49054170347674686,R
59341.18679400021,22.533698747216302,0.7313787754370705,g
59341.220347200055,22.238761592035974,0.5954220451088837,R
59341.267199099995,21.24150176896558,0.42103138575141014,ZTF_i
59341.30958329979,22.843386137421163,0.7654122704351446,g
59341.36078700004,22.660835904500924,0.7790777420774686,g
59341.43785879994,21.426092214564143,0.3728408867231843,R
59342.34925930016,22.377207550557166,0.5190833709389103,g
59342.38626160007,22.59591555527635,0.5989942794987747,g
59342.41122689983,21.129330096105456,0.21135474915699262,R
59342.45675930008,21.00484016772606,0.19438425675050086,R
59343.25032409979,23.286704606405568,1.3355951962101154,g
59343.2902199002,22.331479712692175,0.5357778844558712,g
59343.3203125,22.07166392657977,0.5619915294406191,R
59343.34135420015,21.29368243137499,0.3468131145457032,R
59344.28013890004,22.099501599722853,0.39547193375248235,g
59344.38896990009,21.789490902002473,0.3989252505020621,R
59344.4375,21.96635076121425,0.5063350623528952,R
59344.455000000075,22.118334576291357,0.523020205645752,g
59345.32725689979,21.309731173520618,0.2682576947862835,R
59345.32967589982,22.0047445997564,0.47297941130213705,R
59345.37002310017,22.18627106618427,0.48111597367401393,g
59345.37202550005,22.460333678654642,0.6474230633509299,g
59346.39848379977,21.95581881582374,0.49651198000010727,R
59346.450381900184,22.898326547467793,1.0752569487866825,g
59349.24282409996,23.734222582917166,1.7248501961796097,g
59349.30562500004,21.221214003943203,0.21444247420494839,R
59352.194641199894,20.961637029872662,0.36219063100242144,g
59352.27120369999,21.506981909750174,0.48656632867515254,R
59353.287245399784,21.092436661691345,0.4916527714916864,ZTF_i
59353.32663189992,21.416306785960924,0.3274153200593439,R
59353.3447106001,22.465591839088535,0.7321418232933344,g
59354.27832179982,21.53006493492438,0.6128705785621983,R
59354.27925929986,21.090176265702134,0.41867523205718876,R
59354.36724539986,22.80253284753224,1.8508669900323094,g
59356.30638890015,21.747763900588414,0.9017290071059946,g
59356.35204860009,21.779502553080253,1.1057507316707653,ZTF_i
59358.3306828998,21.699679116121576,0.8275676674779966,R
59358.33160880022,21.45162722799744,0.6386748874184517,R
59359.34666670021,21.159155765899527,0.583021862822822,ZTF_i
59361.30582180014,21.662512661481436,0.8213793903271822,g
59361.36429399997,22.785035651675134,1.8005636870265278,R
59361.36523150001,21.17855483153795,0.47212988525303984,R
59362.28353009978,21.89350070589975,0.7949486556299842,R
59362.28446759982,21.561958361750236,0.556970786599037,R
59362.35096060019,21.54017742992481,0.7530149603751082,ZTF_i
59362.38494209992,21.282979843500577,0.6495263862415556,g
59363.28502310021,21.856295725557246,0.574189722269031,g
59363.28644679999,22.827927303591977,1.4030935782433493,g
59363.34710650006,22.337991018739856,1.0321503385334447,R
59363.3480440001,22.165881331230675,0.9284446185082894,R
59365.32394680008,22.447530739859214,0.7808869265123002,g
59365.34434030019,21.333170030987706,0.3332565581983679,R
59365.3840855998,21.57947587769952,0.7394362960342374,ZTF_i
59366.285763899796,21.416663326343166,0.34476747684945014,g
59366.34179400001,22.055534931802484,0.5537071787945591,R
59366.342777799815,21.59556405754417,0.3404911423537289,R
59367.3030208,22.368226338829608,0.7640082944448616,g
59367.303993099835,21.883948648635926,0.5301200680265425,g
59367.30497690011,22.973464599658303,1.3103677789706647,g
59367.38483799994,22.17910064201845,1.1237665482799064,R
59367.38579860004,21.70275137642026,0.6315627601407384,R
59368.30297450023,22.405906589418006,0.6680269679429861,R
59369.3256019,21.480028242911132,0.2804435338657757,R
59369.34783559991,22.068369073402856,0.7901449674954225,ZTF_i
59371.20214120019,23.394723519694622,1.3367874096372707,g
59371.32751160022,21.88464870254206,0.48148475901324134,R
59373.245312499814,22.747723470602434,0.9907830713211422,R
59375.200694399886,21.786714259430006,0.868698854303749,ZTF_i
59375.28471060004,23.359649290696268,1.9597214780308947,g
59375.38590280013,22.617425399042496,1.324162176833717,R
59376.30306709977,23.380775321751,1.8444919044128698,R
59376.34634259995,22.979019230784306,1.2472276245235734,g
59377.26004630001,22.6635626967471,0.8708201952026617,R
59377.26265050005,22.91644115478058,1.1178268911501321,R
59377.35149310017,23.049863103261814,1.272210435620197,g
59377.35241900012,22.619522929134753,0.8410011984963613,g
59378.26295140013,21.774752604074134,0.4303873644357152,R
59378.26388890017,23.285420997999953,1.6723486156126108,R
59379.30756939994,22.115222418615783,0.6192036911938953,g
59379.30850689998,22.854499167843493,1.0967124076333714,g
59379.34466439998,22.07104797784926,0.5889493805460548,R
59379.34559029993,22.420157927539,0.8062016850824302,R
59380.34715279983,21.886081771643713,1.0185156431228588,R
59381.34916670015,22.272726509098625,1.1582769292233868,ZTF_i
