time,mag,magerr,band
59296.327453699894,22.060634121029537,1.2143567650952822,g
59298.298750000075,20.742972682492653,0.9607335568695285,R
59300.3268519002,20.613009416756242,0.5881898807425983,g
59302.23035879992,22.531875062767604,1.8766171102463667,R
59302.23129629996,21.851610775681085,1.1008417990860973,R
59304.175520800054,21.844900466009285,0.6606784296066136,R
59304.18321759999,22.197264711285875,0.9177777974623269,R
59304.22223380022,21.705179709533006,0.6925012454143628,g
59306.254768500105,22.509973741756777,0.7870207375074352,R
59308.22458329983,22.655545098533413,0.9694557335434894,R
59308.22552079987,22.860171934369205,1.1765099888077175,R
59308.34137730021,22.8904497326022,1.5352721046966662,g
59309.175786999986,22.082249391877507,0.42088701816657265,g
59310.30678239977,22.25374190989859,0.7440604495792628,R
59319.21733799996,22.650015442898752,1.1464398591638276,R
59319.26945600007,21.91819733113983,0.528353920746709,g
59324.16410879977,21.558716106068175,0.4654605528258035,g
59329.24099540012,21.27527914384237,0.5331588525238363,R
59329.32234949991,22.109546812289523,1.8199024668542705,g
59334.1811573999,20.450884703180414,0.11747952132841295,g
59334.282268499956,20.13602068944698,0.13163592935474702,R
59335.19596059993,19.971837198387313,0.11233933120196941,R
59335.244930599816,20.39023051782919,0.18989953108132798,g
59336.21380789997,19.88740830866322,0.06683208689282864,g
59336.215706000105,19.890978683394824,0.07000629551992706,g
59336.299930599984,19.7254172650681,0.079299450999409,R
59336.306284700055,19.650459647079305,0.07135932382096276,R
59338.19979170011,19.527375986852928,0.0518900409727884,g
59338.20072920015,19.46150410276741,0.0521275873398022,g
59338.218645799905,19.39057318238098,0.05465688500249522,R
59338.21958329994,19.486350633279635,0.05886620990146423,R
59339.220821800176,19.44513429761826,0.049090400404982824,g
59339.26653939998,19.307628665566135,0.05032961432018782,R
59340.19927080022,19.370765355803275,0.04745685032641294,g
59340.20020829979,19.412675790224657,0.04755733541290509,g
59340.26291669998,19.35841663001329,0.048696601509138175,R
59340.26385420002,19.248300955466792,0.05013858139597861,R
59341.1743981,19.408887759212952,0.05405311865630251,g
59341.17533560004,19.26153680155276,0.038534408250103375,g
59341.19856479997,19.18991966532061,0.04470880030097186,R
59341.199502300005,19.15619889617169,0.04196340055881123,R
59342.22171299998,19.1869416200608,0.04232934692206554,g
59342.261736100074,19.177010735172367,0.05016250277519708,R
59343.196689799894,19.064611308276426,0.03997779344579749,R
59343.1981366002,19.070295019919016,0.04167910037046453,R
59343.238865700085,19.151948863032466,0.041076419407402996,g
59343.24222220015,19.187416765843334,0.0398052468645072,g
59344.20298610022,18.8851606903834,0.03419301830112967,R
59344.283692100085,19.23513475606061,0.046198129923276675,g
59346.28635419998,18.97217080722889,0.042533394850125215,R
59346.28729170002,18.934729237369794,0.04206003577341981,R
59346.350463000126,19.130896753958297,0.05799229696753332,g
59346.35142360022,19.245612506883482,0.07070817543537956,g
59348.20578699978,18.82291913600797,0.03656143979429551,R
59348.24068289995,19.186025436675898,0.03890185826694501,g
59350.20113429986,19.260979005495813,0.057353172646275714,g
59350.2341781999,18.973555815611682,0.05585709581631767,R
59353.180995400064,18.82010007290519,0.04895105011358283,R
59353.1819329001,18.794225902633663,0.04241049173744664,R
59353.21292820014,19.449736181618228,0.07409822252432449,g
59353.21809029998,19.476991714682107,0.0770041824577127,g
59354.18379630009,19.49284673985086,0.09877314526045826,g
59354.22591440007,18.918331458383896,0.06951600330699793,R
59355.21991899982,18.779709826349418,0.06794162897041411,R
59355.28751160018,19.88946576868953,0.2675737400546846,g
59356.24243059987,18.867233442371194,0.06686166663396245,R
59358.24444440007,19.97309065032678,0.2498756487306032,g
59359.20296300016,19.0573056517756,0.09641973389698931,R
59359.26412039995,19.85560601072487,0.2175930190834468,g
59361.202604200225,19.023358998393057,0.05909546122516541,R
59361.205902799964,18.943811794478748,0.061391142325998405,R
59361.24519680021,20.012326610914076,0.22093650131035397,g
59361.24614580022,20.07954351290886,0.21485951267226147,g
59363.1951156999,19.13081461847672,0.04605370983380341,R
59363.202048600186,19.188423415224904,0.05020866873885207,R
59363.28903939994,20.14938569593567,0.2488667722058879,g
59363.29090279993,20.44743071862498,0.3364598948518785,g
59364.31077549979,19.210654819499332,0.09860892354851339,R
59365.20037040021,20.19283278800458,0.10612301216250486,g
59366.20398150012,19.32443153538387,0.06787976248390412,R
59366.24366899999,20.248063327116448,0.11935089032085021,g
59367.20402779989,19.286220013753894,0.05380432595944374,R
59367.25895830011,20.579789264649303,0.18290704563421611,g
59400.182754599955,20.590073339796614,0.3107907901847173,R
59400.18369209999,20.007187811594118,0.1796391645846062,R
59400.18462960003,20.187816926810566,0.22610125994688407,R
59400.185578700155,20.30048002484484,0.22373459386100322,R
59400.18651620019,20.20725093630286,0.2047587790614713,R
59401.18260420021,19.85034799188395,0.1460446195000443,R
59401.18354169978,20.09767845220066,0.18951024430621732,R
59401.184479199816,20.961311236029847,0.3800625080229837,R
59401.185428199824,20.427044097369755,0.2384985446354215,R
59401.18636569986,20.130986123196415,0.1965472439749926,R
59402.1819329001,19.968929545043835,0.13854323435330212,R
59402.182963000145,20.39585150167065,0.18819495152062735,R
59402.1839815001,20.1502417175424,0.16871182736009233,R
59402.185000000056,20.311583997607915,0.1905751524637931,R
59402.1860301001,20.45315204100993,0.20862996424530317,R
59403.18164349999,20.562871230181486,0.26863105552265065,R
59403.183807900175,20.07774573252984,0.17561210886878792,R
59403.18488429999,20.784511997615795,0.3335183436808699,R
59403.18596060015,20.64799606640674,0.27262174820241863,R
59406.16936339997,20.684069378017462,0.5944085458021324,R
59406.171724500135,20.624786990318277,0.5355130388700787,R
59406.174097199924,20.521910841845116,0.42064455264288564,R
59406.17646990018,20.470067400645835,0.37731560139942,R
59406.17884259997,20.887615481846126,0.4737410147159922,R
59407.16906249989,21.92573301807645,1.8709741137325975,R
59407.171423600055,21.16402972474731,0.795548147533376,R
59407.17378470022,20.112423856974893,0.31524364058762483,R
59407.17615740001,20.688149466230254,0.449657855065557,R
59407.1785300998,20.554242435849474,0.3666705765873999,R
59408.169652800076,20.530420538512814,0.48968467605150906,R
59408.17438660003,19.778881288976887,0.21051677843900876,R
59408.1767477002,20.38791519777523,0.3583890535989068,R
59408.1791087999,20.39302061891505,0.34419371343664823,R
59409.16929400014,20.78413476307542,0.75389750254935,R
59409.17165509984,20.685929195596216,0.5985283242335048,R
59409.174027800094,20.702673580322852,0.5001779286615745,R
59409.176388899796,20.28673551567324,0.3454698882528029,R
59409.17876160005,19.85785364305105,0.1999663518132518,R
59410.17128469981,20.918413943406446,0.6763645059401738,R
59410.17364579998,20.173271242459634,0.3264584980752555,R
59410.17601849977,20.70070493125804,0.5029241712509899,R
59410.178391200025,19.917331227702597,0.24818419231875308,R
59411.16805560002,19.883147727033812,0.38479766047441355,R
59411.1727661998,19.792887152553313,0.26269190314858226,R
59411.17512729997,19.891778785126036,0.3142222181733015,R
59411.17750000022,21.25404623199163,0.9016248865104278,R
59412.167638900224,20.555753426040596,0.7189565814243274,R
59412.169999999925,20.32440777069228,0.4534336356702498,R
59412.17236110009,20.632153035028534,0.5828391034223658,R
59412.174722199794,19.975700369128635,0.2723398027227527,R
59412.17709490005,20.524356528226498,0.4648840217893888,R
59415.16586809978,20.212355394686497,0.4745117119282511,R
59415.168229199946,21.203481974836862,0.9869873793439762,R
59415.17059030011,20.526841295266145,0.5103735664621787,R
59415.172951399814,20.798298843679284,0.5323290818239015,R
