ZTFID,IAUID,RA,Dec,peakt,peakfilt,peakmag,type,redshift,double-peaked,A_V,filenames
ZTF18aahhzqn,SN2018avy,178.754792,32.07535,58225.156007433274,r,18.14705022044264,SN Ib/c,0.031,0.0,0.0695043683052063,['ZTF18aahhzqn_0']
ZTF18aakuewf,SN2018bcc,243.594375,35.917889,58231.12935593881,g,17.692158506600403,SN Ibn,0.0636,0.0,0.043481608107686,['ZTF18aakuewf_0']
ZTF18abojpnr,SN2018fzn,297.4871203,59.5928266,58370.05127571946,g,19.17193382716151,SN IIb,0.0375,0.0,0.2585065901279449,"['ZTF18abojpnr_0', 'ZTF18abojpnr_1']"
ZTF18absliyc,SN2018gcj,6.0059044,-1.2233773,58371.68541410136,g,18.89220249481463,SN Ic,0.08,0.0,0.0863364960998296,['ZTF18absliyc_0']
ZTF18abwkrbl,SN2018gjx,34.064792,28.591306,58380.321465977366,g,15.997508146660405,SN Ibn,0.012,0.0,0.2728192381560803,"['ZTF18abwkrbl_0', 'ZTF18abwkrbl_1']"
ZTF18acisruf,SN2018iqx,336.9732988,19.4606782,58440.72346540898,g,17.681390507014058,SN Ib/c,0.02,0.0,0.1619289729744196,['ZTF18acisruf_0']
ZTF18acnmifq,SN2018iug,101.9792058,67.9167095,58456.102895245866,r,19.24538932790901,SN IIb,0.073,0.0,0.1442102167755365,['ZTF18acnmifq_0']
ZTF18acqphpd,SN2018jaw,193.5171055,13.5466262,58450.63804132751,g,17.868178822182234,SN Ic,0.037,0.0,0.1227689839899539,['ZTF18acqphpd_0']
ZTF18acrcyqw,SN2018jee,110.8109647,56.5251254,58460.141490734735,r,17.984129050215135,SN IIb,0.04,0.0,0.1787731919437647,['ZTF18acrcyqw_0']
ZTF18aczqzrj,SN2018kva,128.8175235,48.3175997,58483.665183099256,g,18.1045728621725,SN Ic,0.0429,0.0,0.0947757029905915,['ZTF18aczqzrj_0']
ZTF19aadwtoe,SN2019abb,118.5719373,14.2729541,58509.80134561199,g,18.02990048072861,SN Ic,0.0153,0.0,0.1177726842463016,"['ZTF19aadwtoe_0', 'ZTF19aadwtoe_1']"
ZTF19aalouag,SN2019buy,176.067958,55.100561,58585.24155910923,g,18.48554068671366,SN Ib,0.0549,0.0,0.0415794393979013,['ZTF19aalouag_0']
ZTF19aamsetj,SN2019cad,137.1789779,44.8127828,58596.01843439215,g,17.726468136888,SN Ic,0.026762,1.0,0.0544542741030454,['ZTF19aamsetj_0']
ZTF19aanijpu,SN2019cri,208.5113348,14.7297076,58600.6092519056,g,18.046188698820696,SN Ic,0.05,0.0,0.0752244004979729,['ZTF19aanijpu_0']
ZTF19aapfmki,SN2019deh,211.4315033,9.51575,58586.66662784133,g,17.425507996476174,SN Ibn,0.0544,0.0,0.090121697820723,['ZTF19aapfmki_0']
ZTF19aapceyj,SN2019dld,101.6643028,45.647756,58592.55357488526,g,18.887924437095645,SN Ic,0.018,0.0,0.3282288998365402,['ZTF19aapceyj_0']
ZTF19aarfyvc,SN2019dwa,234.7395118,56.6050417,58615.21993439333,g,18.841064235031897,SN Ic,0.09,0.0,0.034966438729316,['ZTF19aarfyvc_0']
ZTF19aarnqys,SN2019dxr,227.8631,5.20044166667,58598.351233781366,g,19.084131788265076,SN Ib,0.04,0.0,0.1451353706419468,['ZTF19aarnqys_0']
ZTF19aatheus,SN2019eix,280.678703913,40.3688326087,58617.161157943774,r,16.417285422551167,SN Ic,0.018,0.0,0.2172706723213195,['ZTF19aatheus_0']
ZTF19aawethv,SN2019gaf,309.2302,2.8068,58637.42181710014,r,17.49934864159138,SN IIb,0.006,0.0,0.3215102255344391,['ZTF19aawethv_0']
ZTF19aavoweu,SN2019gqd,247.208867513,39.834346194,58644.05629876836,g,19.246592338798862,SN Ic,0.0359,0.0,0.0405626114457845,['ZTF19aavoweu_0']
ZTF19aayejww,SN2019hgp,234.053625,39.733489,58650.65502467763,g,18.73050870923479,SN Icn,0.0641,0.0,0.0670611772686243,"['ZTF19aayejww_0', 'ZTF19aayejww_1', 'ZTF19aayejww_2', 'ZTF19aayejww_3', 'ZTF19aayejww_4', 'ZTF19aayejww_5']"
ZTF19abafmwj,SN2019icf,264.4013279,43.5176207,58663.29581745751,g,19.405619431381517,SN Ic,0.034,0.0,0.1014316406100988,['ZTF19abafmwj_0']
ZTF19abcyqqg,SN2019iga,303.87133954,-9.05298651535,58666.800868736645,g,19.43409313028196,SN Ib,0.04,0.0,0.2925730764865875,['ZTF19abcyqqg_0']
ZTF18aahuujv,SN2019ilo,200.4763413,32.4220293,58673.730375626124,g,18.69191419431924,SN Ic,0.0343,0.0,0.0612981041893363,['ZTF18aahuujv_0']
ZTF19abfiqjg,SN2019lfj,29.4532049,13.1761697,58685.179530442576,g,19.003098264850887,SN Ic,0.0888,0.0,0.1656201303005218,['ZTF19abfiqjg_0']
ZTF19abqmsnk,SN2019ofk,244.625287517,18.475066159,58728.99088044145,g,18.68859802790882,SN IIb,0.03561,0.0,0.1421775829046964,['ZTF19abqmsnk_0']
ZTF19abvdgqo,SN2019pfb,294.9470933,59.3679986,58735.10103390945,g,18.18823758767544,SN Ib,0.03683,0.0,0.2526554778218269,['ZTF19abvdgqo_0']
ZTF19abxtcio,SN2019pof,18.1578040613,33.0349355864,58746.188448749665,g,18.63178642443039,SN IIb,0.0155,0.0,0.1858887270092964,['ZTF19abxtcio_0']
ZTF19aceshib,SN2019sna,349.7354625,-10.1763972222,58786.1511251831,g,18.16927913660705,SN IIb,0.031,0.0,0.0917132925242185,['ZTF19aceshib_0']
ZTF19ackjjwf,SN2019tls,120.708005322,15.8015086645,58801.74981791373,r,17.395332152735158,SN Ib,0.016198,0.0,0.0969040904194116,['ZTF19ackjjwf_0']
ZTF19ackjszs,SN2019tsf,167.136666667,-10.4817888889,58876.38043980021,g,18.280165744986167,SN Ib,0.03,1.0,0.2007592320442199,"['ZTF19ackjszs_0', 'ZTF19ackjszs_1', 'ZTF19ackjszs_2']"
ZTF19acmelor,SN2019uff,4.805333,-14.397839,58801.891953098,g,18.340644109030254,SN Ib,0.026612,0.0,0.1025241654366254,['ZTF19acmelor_0']
ZTF20aaerxne,SN2019yxp,214.133875,57.808,58860.92142550296,g,17.15156097651663,SN Ib,0.01042,0.0,0.0389728644862771,['ZTF20aaerxne_0']
ZTF20actpqgc,SN2020abdw,30.3212626,24.0708174,59195.03152390171,g,19.013357597923967,SN Ic,0.0327790007,0.0,0.2979943111538887,['ZTF20actpqgc_0']
ZTF20adadlqm,SN2020adnx,46.481375,41.608711,59228.405016699195,g,17.710077852413896,SN IIb,,1.0,0.3907962828874588,['ZTF20adadlqm_0']
ZTF20aaiftgi,SN2020aut,212.5556545,-6.8224189,58884.039403038674,g,18.22853557357421,SN Ic,0.033,0.0,0.1128791883587837,['ZTF20aaiftgi_0']
ZTF20aahggbm,SN2020axo,172.00015713333,16.607431933333,58882.611579840246,g,18.6499999012214,SN Ic,0.1,0.0,0.1005392841994762,"['ZTF20aahggbm_0', 'ZTF20aahggbm_1', 'ZTF20aahggbm_2']"
ZTF20aakodyh,SN2020bmj,198.133042,4.866531,58888.78904295733,r,18.726886220374144,SN Ib,0.04787,0.0,0.104404579848051,['ZTF20aakodyh_0']
ZTF20aalcyih,SN2020bpf,103.8479342,27.7219843,58895.97293857024,g,18.165076538531547,SN Ib,0.02723,0.0,0.2291232801973819,['ZTF20aalcyih_0']
ZTF20aammtwx,SN2020cgu,111.951020833,20.4015166667,58896.4284923226,g,18.1442335611023,SN Ic,0.027189,0.0,0.1808881774544715,['ZTF20aammtwx_0']
ZTF20aauwhfa,SN2020hdh,218.160313466,31.6710115041,58958.4728072161,g,18.040911244726285,SN Ic,0.012,0.0,0.0409414942376315,['ZTF20aauwhfa_0']
ZTF20aaurfnl,SN2020heq,238.879966036,12.8958569295,58960.67158214273,r,18.655605058530345,SN Ic,0.0336,0.0,0.1675280530005693,['ZTF20aaurfnl_0']
ZTF20aavzffg,SN2020hvp,245.439145132,-2.28924613323,58974.23407623396,g,15.631663351732568,SN Ib,0.005247,0.0,0.4895418003201485,['ZTF20aavzffg_0']
ZTF20abbhrrt,SN2020kxg,200.002106212,-16.661127205,59003.66945930817,g,18.274270349814437,SN Ib,0.015,0.0,0.2367374405264854,['ZTF20abbhrrt_0']
ZTF20abeezca,SN2020mbt,169.78088435,47.29394865,59028.20829004046,g,18.699352928571727,SN Ic,0.046,0.0,0.0541005004197359,['ZTF20abeezca_0']
ZTF20aaekkuv,SN2020oc,147.012191667,3.53827777778,58866.76499271446,g,18.960064038444397,SN Ic,0.02,0.0,0.1261765588074922,['ZTF20aaekkuv_0']
ZTF20abkiarz,SN2020oce,348.0864801,31.125995166667,59040.647178841784,g,18.045775329656895,SN Ic,0.02354,0.0,0.2404477566480636,['ZTF20abkiarz_0']
ZTF20abtkjfw,SN2020rlg,61.1617818,33.8085216,59084.08431733376,g,18.79592719090574,SN Ic,0.017445,0.0,0.6692906126379967,['ZTF20abtkjfw_0']
ZTF20abxpoxd,SN2020sgf,50.719833,42.556131,59121.09869122108,g,18.767943833371348,SN Ic,0.02208,0.0,0.6522976040840149,['ZTF20abxpoxd_0']
ZTF20acgiglu,SN2020urc,34.5461126,37.097234,59144.47506584682,g,18.531827895165335,SN IIb,0.026728,1.0,0.1427185330539941,['ZTF20acgiglu_0']
ZTF20acfqngt,SN2020uvh,70.1861626,67.7320835,59135.51025577245,g,19.192824284529777,SN Ic,0.016111,0.0,0.9376968145370485,['ZTF20acfqngt_0']
ZTF20aclnplo,SN2020xpn,156.41261015556,16.787374777778,59154.48565790726,g,17.728088773747587,SN Ic,0.0347,0.0,0.1045335870236158,['ZTF20aclnplo_0']
ZTF21aaaosoq,SN2021bm,219.447000575,59.90703375,59222.84334556015,g,17.821613125912844,SN Ic,0.031517,0.0,0.0247293451800942,"['ZTF21aaaosoq_0', 'ZTF21aaaosoq_1']"
ZTF21aahdqrg,SN2021bwq,172.071154,-12.888258,59257.857898684575,g,17.993574017416687,SN Ic,0.022,0.0,0.1089680686593055,['ZTF21aahdqrg_0']
ZTF21aaqhhfu,SN2021gno,183.0428934,13.2491746,59305.61042705649,g,17.481291237706902,SN IIb,0.006,1.0,0.1097979135811328,['ZTF21aaqhhfu_0']
ZTF21aarnjyd,SN2021hrj,156.923706123,72.8269334637,59338.02917811804,g,18.3610817319285,SN Ib,0.022,0.0,0.3346579402685165,['ZTF21aarnjyd_0']
ZTF21aaxtctv,SN2021krf,192.822663,0.520697,59342.45218382659,g,17.075530037793797,SN Ic-pec,0.014,0.0,0.0614474480971694,['ZTF21aaxtctv_0']
ZTF21aaxxmvs,SN2021kum,171.62222348,47.1284610812,59347.349248692895,g,18.97082175367331,SN IIb,0.053,0.0,0.0644238634034991,['ZTF21aaxxmvs_0']
ZTF21aayfnjz,SN2021kww,201.996417,24.381919,59354.295704041135,g,17.579033350985846,SN IIb,0.023,0.0,0.033787006419152,['ZTF21aayfnjz_0']
ZTF21aayddkn,SN2021kxr,160.187017,45.16246455,59346.093159886565,g,19.154120626869833,SN Ib,0.052068,0.0,0.0566025882959365,['ZTF21aayddkn_0']
ZTF21aayqrgx,SN2021lax,212.3385,72.117269,59346.61041376669,g,19.075187854715622,SN Ib,0.033,0.0,0.0672306096181273,['ZTF21aayqrgx_0']
ZTF21abahiow,SN2021lvb,262.147874275,21.739394175,59354.04800156004,g,18.574317599716995,SN Ib,0.03,0.0,0.2144783616065979,['ZTF21abahiow_0']
ZTF21abcrhpk,SN2021nqo,322.36692491538,4.8874980692308,59374.48907057337,g,18.03871971660759,SN Ic,0.089,0.0,0.18139657266438,['ZTF21abcrhpk_0']
ZTF21abimeun,SN2021rfs,332.9107209,46.3078657,59400.387275558045,r,18.494330547601567,SN Ib,0.018446,0.0,0.786772808432579,['ZTF21abimeun_0']
ZTF21abqvzjy,SN2021uth,52.262173700000005,9.2907062,59435.43290509982,g,17.377181088996707,SN IIb,0.025,0.0,0.730882479250431,['ZTF21abqvzjy_0']
ZTF21abrfvax,SN2021vis,226.27857087,21.27112502,59462.38047456474,r,18.103116879119675,SN Ic,0.05,0.0,0.1379580862820148,['ZTF21abrfvax_0']
ZTF21abrqrsz,SN2021vnw,103.895292,39.764931,59442.471555125565,r,17.88302883828567,SN Ib,0.017166,0.0,0.2527168460190296,['ZTF21abrqrsz_0']
ZTF21acdxhuv,SN2021zju,2.225908,23.816608,59493.59644337567,g,17.40192691385283,SN Ib,0.015,0.0,0.2954462721943855,['ZTF21acdxhuv_0']
ZTF22abxlfpl,SN2022abuj,197.1361026,30.7483095,59919.28116219271,g,18.44194112943557,SN Ic,0.02355,0.0,0.0347186937928199,['ZTF22abxlfpl_0']
ZTF22abztcly,SN2022aehk,15.316125,44.042289,59951.55315657122,g,17.627308244353046,SN Ic,0.016,0.0,0.2543322131037712,['ZTF22abztcly_0']
ZTF22aafrjnw,SN2022hnt,174.2489621,55.1639605,59699.29682472123,g,18.6399812310189,SN IIb,0.0192,1.0,0.0472725060768425,"['ZTF22aafrjnw_0', 'ZTF22aafrjnw_1']"
ZTF22aagzmcz,SN2022ibn,196.5607605,25.4614479,59699.40256821784,g,18.81219184471859,SN Ic,0.0242,0.0,0.0468546676449477,['ZTF22aagzmcz_0']
ZTF22aalfmec,SN2022lfa,328.59749574444,15.154319744444,59732.91182905475,g,19.63704206655733,SN Ic,0.027,0.0,0.3244019217789173,['ZTF22aalfmec_0']
ZTF22aaoolua,SN2022nmq,4.580375,19.395611,59756.40689995941,g,18.845072717080697,SN Ic,0.0180859994,0.0,0.1507099565118551,['ZTF22aaoolua_0']
ZTF22aasxgjp,SN2022oqm,227.28425,52.534794,59783.13834568244,g,16.595440787631087,SN Ic,0.0113,0.0,0.0588213765993714,"['ZTF22aasxgjp_0', 'ZTF22aasxgjp_1', 'ZTF22aasxgjp_2', 'ZTF22aasxgjp_3', 'ZTF22aasxgjp_4', 'ZTF22aasxgjp_5']"
ZTF22aatunnt,SN2022oxj,325.829228901,5.58084133698,59792.13815960409,g,18.986801376255244,SN Ib,0.04,0.0,0.37150604352355,['ZTF22aatunnt_0']
ZTF22aaxtias,SN2022qdg,280.5821404,17.7068959,59803.71879731454,g,18.663540773356036,SN Ib/c,0.012,0.0,1.342944210767746,"['ZTF22aaxtias_0', 'ZTF22aaxtias_1']"
ZTF22aazqoey,SN2022rbo,102.6087354,43.0467054,59804.5258866876,r,18.27952061983992,SN Ib,0.018853,0.0,0.351200145483017,['ZTF22aazqoey_0']
ZTF22abllclb,SN2022wwd,55.666347622222,-6.3783917222222,59864.67933601381,g,18.373450856087658,SN Ic,0.021171,0.0,0.1945869125425815,['ZTF22abllclb_0']
ZTF23aaazffe,SN2023apl,231.114625,30.148531,59980.79980868027,g,18.642271571855385,SN Ic,0.04,0.0,0.0640509366989135,['ZTF23aaazffe_0']
ZTF23aaialcw,SN2023gwl,198.8414944,1.9275673,60080.23714691336,g,18.940516154489742,SN IIb,0.0346,1.0,0.0896357988938689,['ZTF23aaialcw_0']
ZTF23aajakys,SN2023hxp,256.570010532,38.3928536272,60083.333101558885,g,18.88025229940191,SN Ic,0.0328,0.0,0.139403310790658,['ZTF23aajakys_0']
ZTF23aajpxbm,SN2023ijh,5.1741061,25.2295499,60092.638417546186,r,18.19112140375552,SN Ic,0.0356,0.0,0.0890428867191076,['ZTF23aajpxbm_0']
ZTF23aapuknd,SN2023lya,262.2219331,58.3782278,60127.33215642258,g,17.2354215294678,SN Ibn,0.03,0.0,0.1176602721214294,['ZTF23aapuknd_0']
ZTF23aazjwtl,SN2023psq,268.580536,64.2256052,60194.48546674884,g,18.890365862883687,SN IIb,0.035,1.0,0.118159994482994,['ZTF23aazjwtl_0']
ZTF23aazuzip,SN2023qnh,256.043072869,6.77279947109,60190.61213367928,g,18.784468691363,SN Ib,0.0339200012,0.0,0.2874410599470138,['ZTF23aazuzip_0']
ZTF23abbpswf,SN2023rti,295.8454006,41.9404076,60201.53299775736,g,17.825050659440457,SN Ib,0.017646,0.0,0.7536316260695458,['ZTF23abbpswf_0']
ZTF23abhyxpr,SN2023usf,124.347958,21.694611,60232.63966904433,g,17.14829196068953,SN Ib/c,0.012,0.0,0.1210781250149011,['ZTF23abhyxpr_0']
ZTF23abjrolk,SN2023uvg,144.315704261,23.5866698407,60233.31585648441,g,18.580125554441764,SN Ic,0.0251739994,0.0,0.1057362720370292,['ZTF23abjrolk_0']
ZTF23aaaprhz,SN2023wf,162.2400642,-4.7543559,59973.993485879895,r,18.101329357307332,SN IIb,0.026452,0.0,0.1484862428158521,['ZTF23aaaprhz_0']
ZTF24absznoi,SN2024abmk,176.319088209,48.6284037565,60647.64387336902,g,19.088402454978787,SN Ic,0.04095,0.0,0.0657726125791668,['ZTF24absznoi_0']
ZTF24abtnkbi,SN2024abtu,108.451120711,50.2575809094,60649.346249999944,g,17.680277657236918,SN Ic,0.017682,0.0,0.2113430403172969,['ZTF24abtnkbi_0']
ZTF24abzmhtv,SN2024afao,44.5059377,41.7139992,60683.35787568575,g,18.691380264855106,SN Ic,0.05,0.0,0.3301742509007454,['ZTF24abzmhtv_0']
ZTF24abzgggz,SN2024afbf,170.4473235,46.1284498,60675.269520670554,g,19.45777320905705,SN Ic,0.03,0.0,0.0541659856215119,['ZTF24abzgggz_0']
ZTF24aaymkrs,SN2024rbc,3.0893591,31.063391825,60537.30465493573,g,17.396462949372363,SN Ib,0.016,0.0,0.222496785223484,['ZTF24aaymkrs_0']
ZTF24abpdzvm,SN2024zsw,20.793617,19.570172,60632.54234107594,g,19.196813783437747,SN IIb,0.032286,1.0,0.1614347014576196,['ZTF24abpdzvm_0']
ZTF24abqqven,SN2024zzy,150.7220016,8.4379423,60624.468309989985,r,17.89279525549915,SN Ib,0.030487,0.0,0.080954560637474,['ZTF24abqqven_0']
ZTF25aadnogd,SN2025aot,151.80569539,2.9031169885,60723.43508530861,g,18.30700095598644,SN Ic,0.02183,0.0,0.0908036770299077,['ZTF25aadnogd_0']
ZTF20adnxs21,SN2020adnx,46.481375,41.608711,59493.55,r,17.62,SN IIb,,1.0,0.3907962828874588,['ZTF20adnxs21_0']
ZTF20ikqs10x,SN2020ikq,13.6013933,28.9833639,59317.39,r,20.021,SN IIb,0.037,1.0,0.16671565771102906,['ZTF20ikqs10x_0']
ZTF20ikqs12x,SN2020ikq,13.6013933,28.9833639,58595.77,r,19.357,SN IIb,0.037,1.0,0.16671565771102906,['ZTF20ikqs12x_0']
ZTF20ikqs13x,SN2020ikq,13.6013933,28.9833639,58076.46578496683,g,19.70391015723624,SN IIb,0.037,1.0,0.16671565771102906,['ZTF20ikqs13x_0']
ZTF20ikqs02x,SN2020ikq,13.6013933,28.9833639,58078.77,r,19.918,SN IIb,0.037,1.0,0.16671565771102906,['ZTF20ikqs02x_0']
ZTF20ikqs06x,SN2020ikq,13.6013933,28.9833639,59524.9,r,18.375,SN IIb,0.037,1.0,0.16671565771102906,['ZTF20ikqs06x_0']
ZTF20rscs12x,SN2020rsc,1.3323619,38.1860167,9573.51,r,21.902,SN IIb,0.0313,1.0,0.29618613198399546,['ZTF20rscs12x_0']
ZTF20rscs15x,SN2020rsc,1.3323619,38.1860167,59287.77,r,21.64,SN IIb,0.0313,1.0,0.29618613198399546,['ZTF20rscs15x_0']
ZTF20rscs18x,SN2020rsc,1.3323619,38.1860167,58107.058687496516,g,21.462322426114696,SN IIb,0.0313,1.0,0.29618613198399546,['ZTF20rscs18x_0']
ZTF20rscs21x,SN2020rsc,1.3323619,38.1860167,59220.44,r,20.711,SN IIb,0.0313,1.0,0.29618613198399546,['ZTF20rscs21x_0']
ZTF20rscs22x,SN2020rsc,1.3323619,38.1860167,59250.74,r,22.338,SN IIb,0.0313,1.0,0.29618613198399546,['ZTF20rscs22x_0']
ZTF20rscs02x,SN2020rsc,1.3323619,38.1860167,59715.94,r,20.685,SN IIb,0.0313,1.0,0.29618613198399546,['ZTF20rscs02x_0']
ZTF20rscs05x,SN2020rsc,1.3323619,38.1860167,58244.39,r,21.535,SN IIb,0.0313,1.0,0.29618613198399546,['ZTF20rscs05x_0']
ZTF20rscs07x,SN2020rsc,1.3323619,38.1860167,60065.71,r,22.227,SN IIb,0.0313,1.0,0.29618613198399546,['ZTF20rscs07x_0']
ZTF20sbws00x,SN2020sbw,2.7675883,3.3299056,59981.787118672386,g,19.390449091251934,SN IIb,0.023033,1.0,0.07757294662296772,['ZTF20sbws00x_0']
ZTF20sbws14x,SN2020sbw,2.7675883,3.3299056,58632.596414923675,g,18.925261067687533,SN IIb,0.023033,1.0,0.07757294662296772,['ZTF20sbws14x_0']
ZTF20sbws01x,SN2020sbw,2.7675883,3.3299056,58726.85817417071,g,18.51638718807255,SN IIb,0.023033,1.0,0.07757294662296772,['ZTF20sbws01x_0']
ZTF20sbws23x,SN2020sbw,2.7675883,3.3299056,58932.903058161384,g,19.28132729173218,SN IIb,0.023033,1.0,0.07757294662296772,['ZTF20sbws23x_0']
ZTF20sbws24x,SN2020sbw,2.7675883,3.3299056,58949.512824033394,g,20.001713973358275,SN IIb,0.023033,1.0,0.07757294662296772,['ZTF20sbws24x_0']
ZTF20sbws25x,SN2020sbw,2.7675883,3.3299056,58905.49278880887,g,19.481100999573247,SN IIb,0.023033,1.0,0.07757294662296772,['ZTF20sbws25x_0']
ZTF20sbws28x,SN2020sbw,2.7675883,3.3299056,58310.70872644198,g,19.811285304810298,SN IIb,0.023033,1.0,0.07757294662296772,['ZTF20sbws28x_0']
ZTF20sbws29x,SN2020sbw,2.7675883,3.3299056,58256.56708000008,g,20.38074469421408,SN IIb,0.023033,1.0,0.07757294662296772,['ZTF20sbws29x_0']
ZTF20sbws08x,SN2020sbw,2.7675883,3.3299056,59525.13047721673,g,20.262528028023517,SN IIb,0.023033,1.0,0.07757294662296772,['ZTF20sbws08x_0']
ZTF20sbws09x,SN2020sbw,2.7675883,3.3299056,59634.14920507071,g,19.54396646197245,SN IIb,0.023033,1.0,0.07757294662296772,['ZTF20sbws09x_0']
ZTF20urcs15x,SN2020urc,34.5461126,37.097234,60139.30271366623,g,19.631786326955773,SN IIb,0.026728,1.0,0.1427185330539941,['ZTF20urcs15x_0']
ZTF20urcs04x,SN2020urc,34.5461126,37.097234,59361.77642274446,g,18.312492020060528,SN IIb,0.026728,1.0,0.1427185330539941,['ZTF20urcs04x_0']
ZTF20urcs09x,SN2020urc,34.5461126,37.097234,59217.04874917781,g,19.423067242758115,SN IIb,0.026728,1.0,0.1427185330539941,['ZTF20urcs09x_0']
ZTF21gnos13x,SN2021gno,183.0428934,13.2491746,58731.111679923786,g,17.619236247082682,SN IIb,0.006,1.0,0.1097979135811328,['ZTF21gnos13x_0']
ZTF21gnos14x,SN2021gno,183.0428934,13.2491746,58519.79002200605,g,18.114818954763177,SN IIb,0.006,1.0,0.1097979135811328,['ZTF21gnos14x_0']
ZTF21gnos20x,SN2021gno,183.0428934,13.2491746,59960.2147519509,g,17.672399828797207,SN IIb,0.006,1.0,0.1097979135811328,['ZTF21gnos20x_0']
ZTF21gnos24x,SN2021gno,183.0428934,13.2491746,59219.29327122371,g,17.945678146826104,SN IIb,0.006,1.0,0.1097979135811328,['ZTF21gnos24x_0']
ZTF21gnos27x,SN2021gno,183.0428934,13.2491746,59458.41258491637,g,19.06609865246224,SN IIb,0.006,1.0,0.1097979135811328,['ZTF21gnos27x_0']
ZTF21gnos02x,SN2021gno,183.0428934,13.2491746,59607.85094898955,g,18.87419199141208,SN IIb,0.006,1.0,0.1097979135811328,['ZTF21gnos02x_0']
ZTF21gnos07x,SN2021gno,183.0428934,13.2491746,58457.984930976054,g,18.51595800421288,SN IIb,0.006,1.0,0.1097979135811328,['ZTF21gnos07x_0']
ZTF21pbs22xx,SN2021pb,9.7463333,51.6873889,59758.01168775693,g,19.21908920869173,SN IIb,0.033,1.0,0.6654609322547913,['ZTF21pbs22xx_0']
ZTF21pbs08xx,SN2021pb,9.7463333,51.6873889,58824.55031090169,g,19.23753941688599,SN IIb,0.033,1.0,0.6654609322547913,['ZTF21pbs08xx_0']
ZTF22hnts12x,SN2022hnt,174.2489621,55.1639605,59679.75316287269,g,18.542601439434147,SN IIb,0.0192,1.0,0.0472725060768425,['ZTF22hnts12x_0']
ZTF22qzrs25x,SN2022qzr,0.1652781,-5.0211361,60732.26255866046,g,17.45965831285907,SN IIb,0.018705,1.0,0.08968550320714712,['ZTF22qzrs25x_0']
ZTF22qzrs05x,SN2022qzr,0.1652781,-5.0211361,59191.16549607764,g,17.612003132915124,SN IIb,0.018705,1.0,0.08968550320714712,['ZTF22qzrs05x_0']
ZTF23gwls10x,SN2023gwl,198.8414944,1.9275673,59771.62735987239,g,19.559520632923668,SN IIb,0.0346,1.0,0.0896357988938689,['ZTF23gwls10x_0']
ZTF23gwls16x,SN2023gwl,198.8414944,1.9275673,59704.1925483324,g,20.246831231048414,SN IIb,0.0346,1.0,0.0896357988938689,['ZTF23gwls16x_0']
ZTF23gwls19x,SN2023gwl,198.8414944,1.9275673,59325.88253080116,g,19.99590725408343,SN IIb,0.0346,1.0,0.0896357988938689,['ZTF23gwls19x_0']
ZTF23gwls04x,SN2023gwl,198.8414944,1.9275673,59623.931397751854,g,18.86836966456118,SN IIb,0.0346,1.0,0.0896357988938689,['ZTF23gwls04x_0']
ZTF23gwls05x,SN2023gwl,198.8414944,1.9275673,59649.76378680448,g,19.55100073293237,SN IIb,0.0346,1.0,0.0896357988938689,['ZTF23gwls05x_0']
ZTF23gwls06x,SN2023gwl,198.8414944,1.9275673,59848.85904155563,g,19.21577453631908,SN IIb,0.0346,1.0,0.0896357988938689,['ZTF23gwls06x_0']
ZTF24zsws21x,SN2024zsw,20.793617,19.570172,60677.119596480276,g,19.585560803294356,SN IIb,0.032286,1.0,0.1614347014576196,['ZTF24zsws21x_0']
